date,timestamp,period,period_type,count,year,month,day,season,is_weekend,houston_iqr_anomaly_mean,dallas_wind_speed_imputed_mean,houston_pressure_original_mean,dallas_wind_speed_mean,nyc_temperature_mean,la_precipitation_mean,philadelphia_wind_speed_iqr_anomaly_mean,dallas_precipitation_mean,houston_temperature_imputed_mean,philadelphia_humidity_imputed_mean,houston_zscore_anomaly_mean,la_precipitation_iqr_anomaly_mean,phoenix_humidity_iqr_anomaly_mean,phoenix_precipitation_original_mean,philadelphia_precipitation_iqr_anomaly_mean,phoenix_humidity_imputed_mean,dallas_precipitation_zscore_anomaly_mean,nyc_wind_speed_zscore_anomaly_mean,dallas_precipitation_imputed_mean,phoenix_humidity_mean,nyc_wind_speed_imputed_mean,phoenix_temperature_mean,la_wind_speed_imputed_mean,nyc_temperature_imputed_mean,la_precipitation_imputed_mean,houston_humidity_mean,houston_pressure_iqr_anomaly_mean,houston_humidity_iqr_anomaly_mean,nyc_precipitation_original_mean,dallas_zscore_anomaly_mean,seattle_pressure_zscore_anomaly_mean,la_temperature_original_mean,la_wind_speed_zscore_anomaly_mean,seattle_pressure_original_mean,houston_precipitation_mean,dallas_pressure_mean,houston_precipitation_iqr_anomaly_mean,houston_humidity_imputed_mean,houston_humidity_original_mean,la_pressure_original_mean,houston_original_mean,seattle_temperature_imputed_mean,san antonio_iqr_anomaly_mean,seattle_pressure_iqr_anomaly_mean,dallas_original_mean,dallas_pressure_imputed_mean,seattle_precipitation_zscore_anomaly_mean,seattle_precipitation_mean,houston_wind_speed_original_mean,houston_wind_speed_imputed_mean,houston_precipitation_imputed_mean,phoenix_wind_speed_imputed_mean,philadelphia_pressure_mean,philadelphia_humidity_mean,philadelphia_humidity_original_mean,la_pressure_mean,la_humidity_original_mean,nyc_precipitation_mean,phoenix_temperature_original_mean,phoenix_pressure_original_mean,phoenix_temperature_imputed_mean,dallas_wind_speed_original_mean,la_wind_speed_mean,san antonio_original_mean,philadelphia_pressure_imputed_mean,dallas_mean,houston_pressure_mean,nyc_pressure_imputed_mean,seattle_humidity_zscore_anomaly_mean,la_precipitation_zscore_anomaly_mean,seattle_temperature_original_mean,dallas_imputed_mean,philadelphia_temperature_mean,seattle_temperature_iqr_anomaly_mean,seattle_temperature_mean,nyc_humidity_mean,houston_precipitation_original_mean,nyc_wind_speed_iqr_anomaly_mean,dallas_humidity_imputed_mean,dallas_humidity_mean,philadelphia_pressure_iqr_anomaly_mean,la_pressure_zscore_anomaly_mean,philadelphia_wind_speed_zscore_anomaly_mean,seattle_pressure_imputed_mean,seattle_wind_speed_mean,houston_temperature_original_mean,dallas_wind_speed_zscore_anomaly_mean,dallas_temperature_mean,nyc_wind_speed_original_mean,san antonio_imputed_mean
,,2019-W03,week,28,2019,1,19,Winter,1,,5.220000000000001,1022.8799999999999,-0.901993953107088,-1.2841204396320132,4.147188675909589,,-0.07647455064706606,50.55,73.75,,1.0,,,1.0,,,,0.0058,0.9168969845810683,8.45,-0.7950201802390693,6.075625,34.18333333333334,0.03644,0.6427435115170115,,,0.0018278048780487807,,,58.16776041666666,1.0,1011.8833333333333,-0.11681263482463296,0.9767293947497313,,84.0,85.4,1020.0614583333332,10747.482857142857,47.235,,,14002.908571428574,1014.75,,-0.07773052110785543,4.909,2.495,0.0025546875000000005,,-0.24588536543282577,-0.03380874815281154,65.1,1.3264308942396514,84.64583333333333,-0.1428168831721913,58.625,1019.975,,4.886666666666667,1.1973468287141211,6406.38,1009.5625,13865.447857142859,1.0917108936774875,1020.9333333333334,,1.0,49.711666666666666,13676.777142857143,-1.7108775896236903,,-0.2768016739169629,-0.227506388482385,0.004138671875,,82.5,0.7944664822146308,1.0,,,1011.15,-0.610909338929726,56.644000000000005,,-1.2203781677363945,8.629999999999999,6230.88
,,2018-W24,week,29,2018,6,16,Summer,1,1.0,,,,,,,,,,,,,,,,,,,,,,,,,,,,,,,,,,,,,,,,17503.615,,1.0,,21868.48,,,,,,,,,,,,,,,,,,,10842.316666666666,,17402.81232758621,,,,,,19573.102916666667,,,,,,,,,,,,,,,,,,9658.879583333333
,,2020-W14,week,24,2020,3,30,Spring,0,,6.085,1014.375,-0.8589524758312477,-0.22693858906265044,0.09589396928589626,1.0,-0.1420103341709677,70.56,64.0,,,,0.0017125,,25.0,,,0.0029,-0.5301833650947425,,-0.2117661921680107,3.7624999999999997,,0.006375,0.06648823083500642,,,0.00055,,,62.84100000000001,,1011.3934375000001,-0.21021714689194823,0.4398390493475821,1.0,79.5,76.0,1013.3,10565.885,46.012226562500004,,,10382.496666666666,1018.25,,0.4180446261503336,7.263333333333333,7.005,0.001375,3.8141666666666665,-1.1227202250273158,-0.09234119490273185,64.0,-0.551606609198026,65.7,-0.1782173440255869,69.39750000000001,1010.4208333333332,69.61166666666666,5.029,0.41280731456728026,5278.268333333333,1010.9000000000001,10190.081666666667,-0.6485595819277884,,,,45.197781250000006,10637.885,-0.37030654762113596,,-0.6841230755109592,-0.7937330307992623,0.00151,,81.5,0.6603055234958769,,,1.0,1013.291796875,1.2600445966626794,70.21666666666667,,-0.683341746890205,8.88,5454.537499999999
,,2018-W21,week,24,2018,5,27,Spring,1,,,,,,,,,,,,,,,,,,,,,,,,,,,,,,,,,,,,,,,,,,,,,,,,,,,,,,,,,,,,,,,,,,14742.827916666669,,,,,,,,,,,,,,,,,,,,,,,,
,,2018-W14,week,27,2018,4,3,Spring,0,,,,,,,,,,,,,,,,,,,,,,,,,,,,,,,,,,,,,,,,,,,,,,,,,,,,,,,,,,,,,,,,,,10936.961851851853,,,,,,,,,,,,,,,,,,,,,,,,
,,2018-W31,week,28,2018,8,1,Summer,0,1.0,11.295,1017.6749999999998,0.15715902693013462,1.3662919771833444,-0.042770615491678175,,-0.09105609476797011,82.1425,79.08333333333333,,,,0.0013045454545454545,,51.5,,,0.0018537037037037044,0.172323665125782,7.13625,1.1946849036895764,5.43,77.83,0.00115,-0.1634008439051551,,,0.0014695121951219519,,,74.31,,1017.3000000000001,-0.1400244969828878,-0.459368214950677,,74.875,72.25,1012.7800000000001,17524.989999999998,,1.0,,19669.305,1012.15,,0.0,6.6825,5.953749999999999,0.0025546875000000005,3.0300000000000002,0.13148659945595262,0.8597612668411018,81.89285714285714,-0.6960398739825118,63.3,-0.23939174591621273,95.37416666666665,1010.0500000000002,88.82499999999999,8.389166666666666,0.09688644654664769,10371.885,1018.2416666666668,16049.914285714285,0.02667763964745155,1017.45,,,69.94666666666667,17078.371666666666,0.9913811278721454,,1.5491526426950495,0.6612069507831773,0.0025546875000000005,,28.5,-1.098791783915152,,,,,0.30620965674213524,83.345,,1.18289671058934,7.7475,8962.169166666665
,,2019-W21,week,26,2019,5,23,Spring,0,,15.680937499999999,1016.9333333333334,1.7549762210741418,0.8420801924552586,-0.1327387926245527,,0.056446107414232685,,,,,,,,,,,0.0092625,0.2185965832840201,10.103125,-0.4670046705866677,,74.706875,,0.04605364641365876,,,0.0020499999999999997,,,59.97,,1013.7083333333334,-0.17517944634440452,-1.254475915931137,,,75.66666666666667,1012.15,12141.83,66.97,,,11365.045,1006.675,,-0.32651178235853123,11.193333333333333,,,,0.1943819269374157,-0.5712430319475345,55.0,-0.8710263293944871,69.375,-0.11087842429885454,64.68333333333334,1009.4333333333334,,13.672968749999999,0.5294202321086386,6202.9,,15050.991538461538,-0.1250802207570866,1011.91875,,,62.403333333333336,14138.575,0.9546225436475473,,0.8684616586751197,-1.1584054875232115,0.0012499999999999998,,76.125,0.4491344091967857,,,,1011.3499999999999,-0.3281705811966911,83.65333333333334,1.0,0.82054859036263,8.55078125,7699.674999999999
,,2020-W08,week,25,2020,2,21,Winter,0,,10.355,1024.025,0.23527880418722227,-0.9977166347285764,-0.10692653872919544,,-0.3188153741357083,57.2475,65.5,,,1.0,0.0010166666666666666,,44.0,1.0,,0.0003,0.09408036714912474,,-0.48191200544074686,2.795,,0.00115,0.25806245978514103,1.0,,0.0008333333333333334,,,60.835,,1024.2875,-0.17132419944090105,0.7861837606821642,1.0,70.25,79.125,1017.5,11725.723333333333,43.623749999999994,,,14013.646666666667,1020.6,,-0.4571453293719672,9.780000000000001,9.155000000000001,0.003875,5.83,1.2537365603996917,-0.8239967792767356,50.25,0.6149697602150969,62.75,-0.12935925331646014,64.40799999999999,1016.72,56.69,8.6475,-1.0243419102014253,7009.163333333333,1030.45,13224.946000000002,1.325997747830116,,,,43.434583333333336,14140.776666666667,-1.0393723688925696,,-0.8432295171704011,-1.383708693434066,0.0035125,,61.0,0.035397899990102455,,,,1021.6125,-0.357474037880507,55.916250000000005,,-0.9447333892466758,8.021666666666667,6718.196666666667
,,2019-W40,week,25,2019,10,6,Fall,1,1.0,10.7,1015.1285714285714,0.28366266623032155,0.27602465651150987,-0.04424560142855573,,-0.12559395109691082,,66.0,,,,,,,,,0.0018537037037037044,0.48782083438649654,,0.4776078067286936,,,,0.1628227002499313,,,0.0015800000000000002,,,69.814,,1025.05,-0.11781967808690383,-0.3991221688852006,,,77.57142857142857,1014.4,18048.965,,,,21533.145,1015.5999999999999,,-0.4668300877961979,5.6085714285714285,,,,0.24723514330839177,0.35615417629795626,72.42857142857143,-0.246074702923161,52.6,-0.14752199233069963,82.13,1007.0,,8.8075,0.35401631458798055,10583.41,1022.6,15323.229600000002,-0.4943658008104958,,,,61.565,15456.82,0.5600303946243103,,0.7928126164828917,0.3537196350879194,0.00265,,76.0,-0.1764351927237194,,,,,-0.9791825107668723,83.10571428571428,,0.9711386049584573,9.62375,7900.945
,,2019-W16,week,29,2019,4,18,Spring,0,,,1015.9375000000001,0.8627570150586674,0.23556768450096144,-0.07374266904759288,1.0,-0.14213738683849875,64.11,77.5,,,,0.0013045454545454545,1.0,41.0,,,,-0.016974636430646783,,0.06801705065929901,,,,-0.37030101117130054,,,0.00125,,,65.66333333333334,,1013.9200000000001,-0.13290024724574606,-0.37810610630421443,,64.0,68.875,1016.9333333333334,9455.633333333333,50.705,,,9565.25,,,0.0530885223467105,9.00875,9.68,0.0012,2.02,-0.005403230944876535,-0.19211241095373247,62.125,0.4575745357704777,66.0,-0.24606040456606712,74.565,1013.0333333333333,70.2,10.7225,-0.08271682811538876,4961.29,1018.7,10605.653879310346,-0.32884498837890513,,,,50.05,9481.810833333335,-0.40969074500463387,,-0.2462713447618489,1.216184057159984,0.0011749999999999998,,,-0.6927783562136601,,,,1014.2,-0.0040901899800021456,66.51625,,0.12163033113112615,12.06,4944.264166666667
,,2019-W31,week,24,2019,8,1,Summer,0,1.0,4.49875,1016.4833333333332,-0.3550043127385904,1.3244790432833506,-0.15608942272697154,,0.10699599459046552,88.2425,69.0,,,,0.0013045454545454545,,30.0,,,0.0138125,-0.39557123954350426,,1.371844862238429,3.66625,,0.0010125,-0.19916136664251358,,,0.00565,,,74.40479166666667,,1017.225,0.15791137422024945,-0.2932012134770491,1.0,67.5,71.66666666666667,1014.0250000000001,17048.239999999998,71.055,1.0,,20243.73285714286,1014.725,,-0.17500541277994106,7.274166666666666,6.776249999999999,0.0155375,4.025,-0.4937669502127059,-0.09234119490273185,64.0,-0.35023330733504476,64.79166666666667,-0.07492723116006529,98.64625000000001,1010.25,98.055,6.695500000000001,0.19562517728111264,10513.285714285714,1011.9,16632.591197916667,-0.21715802369915882,,,,70.7525,17587.36125,1.4573576334396667,,1.6218689685398653,0.5262125195023324,0.011658333333333333,,80.0,0.23134351075038784,,,,1017.4000000000001,0.5158877690945751,86.84499999999998,,0.9670024768979915,6.07,8978.350892857141
,,2019-W33,week,27,2019,8,18,Summer,1,1.0,6.576220703125,1013.5571428571429,-0.33758299209950016,1.2390780981008158,-0.14133956335819597,,-0.14770693081219427,87.1425,77.14285714285714,1.0,,,0.0013045454545454545,1.0,17.25,,,0.00494921875,-0.9192965405162903,8.334999999999999,1.4860863024639968,2.8046875,81.28,0.0011625,-0.14041193643113895,,,0.006100000000000001,1.0,,68.28239583333334,,1019.2699999999999,-0.05281382780371965,-0.6574719694412403,1.0,74.275,72.625,1013.4218749999999,18584.354375,66.83500000000001,1.0,,22242.231875,1013.1267578125,,-0.2119834666161021,5.00892857142857,4.5185,0.0078625,4.2275,-0.7980404393658997,0.35995498452847047,72.5,-0.5177550627641687,76.1875,-0.09872009650789648,100.75625,1008.4625,98.9725,6.7531103515624995,-0.5124779612058282,11330.001250000001,1012.8073660714286,19422.25299768519,-0.8159073348939375,1015.1500000000001,,,68.606,20995.74880859375,1.2680634068200116,,1.4281743334715342,0.6362079820274652,0.006444642857142858,,59.390625,-0.8015910581350179,,,,1018.2249999999999,-0.653438950387048,87.66178571428573,,1.417331440966343,7.988333333333333,10764.05044921875
,,2018-W34,week,17,2018,8,21,Summer,0,1.0,,1017.15,0.03705616937939938,1.1908915654957588,-0.042770615491678175,,0.0,92.775,74.5,1.0,,,0.0013045454545454545,,29.5,,,,-0.23782265491314694,7.010615234374999,1.3026773551824273,5.66,75.595615234375,0.00115,-1.7419724904542644,,,0.1736934451219512,,,79.25399999999999,,1018.8000000000001,-0.0700122484914439,-0.1940053980948152,,46.5,46.5,1013.7,18119.876666666667,64.02250000000001,1.0,,20902.503333333334,,,-0.15546104221571086,8.455,8.455,0.0025546875000000005,4.475,-0.09666311787877085,1.0694391875578075,85.83333333333333,-0.44050409782535177,57.4,4.992675745306206,97.36875,1011.05,97.695,7.992,0.6990096551258492,11232.48111111111,1018.3,16548.500845588234,-0.08074646378497637,1017.8047851562501,,,63.54500000000001,17231.234930555554,0.8656868809035347,,0.971482720109864,0.6538244428225061,0.0025546875000000005,,,-1.2408964836106742,,,,1018.5,0.9322740488652842,92.77499999999999,,1.4589395671318266,7.010615234374999,9343.071041666668
,,2018-W08,week,24,2018,2,21,Winter,0,,,,,,,,,,,,,,,,,,,,,,,,,,,,,,,,,,,,,,,,,,,,,,,,,,,,,,,,,,,,,,,,,,12961.359999999999,,,,,,,,,,,,,,,,,,,,,,,,
,,2019-W46,week,25,2019,11,12,Fall,0,,,1028.15,-0.7419240095145009,-0.8686783705584301,-0.11307562736432776,,-0.089845494608417,41.265,,,,,0.0013045454545454545,,31.5,,,,-0.10215887213103972,,-0.400758622162027,,,,-0.638504931701489,,,,,,61.99666666666666,,1020.1600000000001,-0.0700122484914439,1.154385177100955,1.0,64.5,64.5,1017.6999999999999,12828.22,,,,13948.47,,,-0.2735426986136579,4.73,4.73,0.0025546875000000005,3.335,0.4632286208777754,-0.14555251012993212,63.0,0.6705210159014549,68.66666666666667,0.0,65.906875,1015.70625,70.315,5.416,-0.7621512784256108,7874.13,,13333.702200000002,2.1700442747991855,,,,48.888,13351.244999999999,-0.7579103625324883,,-0.3511272338601024,-0.778733649545835,0.0025546875000000005,,,0.008918763400874725,,,,,-0.5519856314357826,41.265,,-1.3937071774439838,9.315000000000001,7477.5599999999995
,,2019-W26,week,25,2019,6,26,Summer,0,1.0,,1014.9,-0.40202737866172766,1.459976616817765,-0.11208700116938139,,0.0,80.905,,,,,0.0013045454545454545,,16.5,,,,-0.9580576213111783,,0.865812132044961,2.325,,0.0013,0.7408295167394804,,,0.00115,,,69.73299999999999,,1018.2,-0.18799648680277006,0.42470748428927774,,87.0,87.0,1014.4,17603.875,,,,21385.644999999997,,,-0.09170401512005313,7.715,7.715,0.0031,2.66,-0.5122655759425456,-0.052432708482331614,64.75,-0.24607470292316105,67.0,-0.1660655660414079,89.3,1009.8857142857141,89.27,6.54,-0.7397547070049251,10305.44,,16692.717799999995,-0.5411354784953682,,,,59.791999999999994,21021.872499999998,1.3806841427888141,,0.6328216600532844,-0.17375860565760418,0.0031,,,0.16779358293624114,,,,,-0.6128101036875953,80.905,,0.9948776498125387,7.82,10104.95625
,,2019-W43,week,33,2019,10,21,Fall,0,,11.27,1011.6083333333335,1.6806779556480507,0.4741861597277105,-0.019441188859853718,,0.6787591794072623,80.3,68.45833333333333,,,,,1.0,,1.0,,0.037281249999999995,-1.2032439928509335,8.34,0.3867831546062338,3.5,60.81125,0.00115,-0.12253167506245966,,,0.0018390243902439037,,,81.54590909090906,,1019.03125,-0.1115216218718138,-0.48662541126782677,,90.5,72.91666666666667,1012.8636363636364,10806.702000000001,51.27125,,,10155.011999999999,1010.09375,,2.122313618302727,8.985000000000001,9.49,0.00455,,0.28317533044064713,0.17656598740615528,69.05357142857143,-0.6728093488773258,14.909090909090908,-0.05704154263057282,80.4525,1009.375,,13.427272727272726,-0.06568447047902812,5617.0,1016.5666666666666,10953.63818181818,-1.2146675555716862,1017.9124999999999,,,51.27125,11324.894000000002,0.11177079243903121,,-0.13606888816869747,-1.2755881535656115,0.0036125000000000003,,63.9375,-0.2955913073752441,,,,1019.03125,1.5714061986987833,75.94333333333334,,-0.0035855175623886824,10.375,6283.522
,,2020-W06,week,28,2020,2,9,Winter,1,,7.7839583333333335,1012.04,0.10962566246201139,-0.9401745429110138,-0.1991098458859003,,-0.18771809512196505,70.55250000000001,89.875,,,,0.0013045454545454545,1.0,21.5,,1.0,0.002041666666666667,-0.7110684088042188,11.32125,-0.2932512004805608,4.612500000000001,39.37166666666667,0.0006,-0.28294316277003906,,,0.004145833333333334,,,55.48666666666667,1.0,1021.9549999999999,-0.16939349261816378,0.13345988368784448,,73.75,70.3,1016.875,10966.27125,42.3675,,,13890.642500000002,1014.2354166666668,1.0,0.7877029350309843,10.346,10.015,0.0029749999999999998,2.675,-1.5241404033648907,0.5694745382355716,76.4375,0.4413720861952994,42.5,-0.15808659520143778,67.8925,1013.775,66.395,8.231979166666667,0.5143456167293311,6232.93125,1005.625,12763.675680803572,-1.1263410705272379,1006.4166666666666,,,42.747,14694.4348828125,-0.49823535898029964,,-0.9052752673819393,-0.5349937041776429,0.0025125,1.0,66.39583333333333,-0.23656489872842404,1.0,,,1021.1375,-0.2547535424239954,70.679,,-0.8488184242764288,11.082291666666665,6808.95265625
,,2018-W52,week,29,2018,12,29,Winter,1,,,1019.015,-0.13833533052683591,-0.7706476089199166,-0.17993237758797806,,-0.08230936359924375,55.900000000000006,89.0,,,,0.0013045454545454545,1.0,71.0,,,,0.1436421042838987,,-0.7205737440731186,,,,0.04196672952938922,,,0.0011,,,56.568000000000005,,1020.3187499999998,-0.19728168238710828,0.417982344263366,1.0,73.0,75.6,1014.6400000000001,10600.58,44.565,,,12561.575,,,0.07908445285385585,5.8695,6.8637500000000005,0.0014,2.84,1.0601176110940091,1.1980331993568751,88.25,-0.17941319609955023,52.6,-0.17901237236438158,59.99999999999999,1014.7772727272725,43.489999999999995,7.412000000000001,0.3721058530431497,5815.96,1021.9,12312.627413793101,0.3008648750749726,,,,44.209374999999994,12885.3875,-0.8103062421484778,,-0.7733143114266393,-0.5708850807483438,0.00165,,,0.6444180415423404,,,,1025.45,0.932868037852118,59.028,,-1.0273976951311938,6.6000000000000005,5797.605
,,2019-W06,week,22,2019,2,10,Winter,1,,9.905,1015.845,0.6155457199322062,-1.1525428286507235,3.27448369240982,,-0.3125352649613972,64.9225,,,1.0,,0.0013045454545454545,,48.5,,,0.0004,0.33638219314135354,6.585,-0.8749350455343009,3.598333333333333,35.72,0.0322,0.792937707013917,1.0,,0.0013,,,50.138749999999995,,1013.78125,-0.24235824801904596,0.8954672861032544,,87.625,87.85,1014.9187499999999,10941.703333333333,30.339999999999996,,,13471.371666666666,1021.8,,0.15499474132630903,7.3575,7.03875,0.0016875,3.5949999999999998,-0.7231499092627375,1.610420892367677,96.0,-0.10198863348672713,70.09375,-0.1222707161590224,57.149,1015.99,57.987500000000004,9.905,0.06345310315182619,6492.688333333333,,13379.970227272728,-0.34777209231699346,1025.75,,,31.98,12983.419166666668,-0.8348166203073566,,-1.876861633923157,-0.14875963690189217,0.001755,,79.5,0.776813724488479,,,,1007.625,0.6833926633817935,64.11300000000001,,-1.1241597896161721,6.6925,6158.913333333333
,,2018-W06,week,29,2018,2,10,Winter,1,,,,,,,,,,,,,,,,,,,,,,,,,,,,,,,,,,,,,,,,,,,,,,,,,,,,,,,,,,,,,,,,,,15231.804137931033,,,,,,,,,,,,,,,,,,,,,,,,
,,2018-W10,week,24,2018,3,11,Spring,1,,,,,,,,,,,,,,,,,,,,,,,,,,,,,,,,,,,,,,,,,,,,,,,,,,,,,,,,,,,,,,,,,,10931.902916666668,,,,,,,,,,,,,,,,,,,,,,,,
,,2020-W12,week,25,2020,3,17,Spring,0,,6.7425,1020.6607142857144,-0.40379137363204903,-0.6377703877121194,-0.06390280167212418,,0.0915183697657546,77.025,,,1.0,,0.00145,,43.5,,,0.008875000000000001,0.9774724410791255,12.035,-0.8597209011251138,4.81,44.69,0.0015,0.6773363437160071,,,0.0012,,,54.71666666666667,,1022.865,-0.16013716679549111,1.1896921622370042,,82.375,85.96428571428571,1015.6833333333334,12655.626666666669,40.650000000000006,,,11014.033333333333,1020.95,,-0.20132269776328943,8.392142857142858,9.172500000000001,0.0032624999999999998,3.9699999999999998,0.930098698821408,-0.41160908626593345,58.0,0.11037918773085126,70.5,-0.2475793768140895,57.42999999999999,1020.1099999999999,63.91,6.534166666666667,0.4664298749879601,6276.349999999999,,11366.875599999998,0.6376065544060049,1020.7,,,43.466,11837.523333333336,-0.36986761533013446,,-0.8403945580345686,-0.37375035570330034,0.0037892857142857142,,89.25,1.0989765529907498,,,,1020.5625,0.5366773836337688,71.20142857142856,,-0.7450632635108159,12.035,6509.675
,,2018-W23,week,27,2018,6,9,Summer,1,1.0,,,,,,,,,,,,,,,,,,,,,,,,,,,,,,,,,,,,,,,,18473.432499999995,,1.0,,21000.375,,,,,,,,,,,,,,,,,,,10899.928750000001,,15123.242962962962,,,,,,17281.1475,,,,,,,,,,,,,,,,,,8998.220234375
,,2018-W42,week,24,2018,10,21,Fall,1,,,1020.4200000000001,,-0.3008754928162366,-0.23597786651155425,,,,,,,,,,,,1.0,,-0.31985191892093273,11.405,0.41074137133600364,,48.58,,0.5446575062945425,,,0.0017666666666666664,,,62.43,,1022.45,-0.22113897319484904,,,,83.8,1016.7,10145.57,,,,10567.75,,,0.0,7.7459999999999996,,,,-0.9599323186047158,-0.11007829997846534,63.666666666666664,0.39276473746976426,75.0,-0.17277326850237693,80.89500000000001,1013.55,,,-0.2571516632188054,5557.5,,10286.636875000002,0.5883522375941321,1013.5,,,61.089999999999996,9518.724999999999,-0.030001012309823622,,0.7499498390976327,-0.11126118376832408,0.00228,1.0,,,,,,,-0.9958142023982273,67.542,,,9.659375,4764.42
,,2019-W49,week,25,2019,12,5,Winter,0,,,1021.28125,-0.671162611276468,-1.1685185250936458,0.08429911309932835,,-0.29055488285130854,52.17,47.0,,1.0,1.0,0.0006333333333333334,,55.5,,,,0.8580041796524016,,-0.49191038741309495,2.40125,,0.006400000000000001,-0.7649439228085778,,,0.0009,,,62.541428571428575,,1014.7833333333333,-0.09828582815415378,1.349414237852471,,73.5,62.4375,1018.1928571428572,11064.963333333333,,,,12250.596666666665,,,-0.31970259181111044,5.558749999999999,6.869999999999999,0.0011,2.5925000000000002,-0.41360623871671925,0.05842419824100231,66.83333333333333,0.8074151816999305,60.07142857142857,-0.12834660515111188,64.22333333333334,1017.6333333333332,62.25,5.65,-0.9740419180684293,6003.473333333332,1030.15,11731.611200000001,0.76457892155827,,,,44.99166666666667,11690.413333333332,-1.0859257936957587,,-0.7027223249873211,-0.4037491182101546,0.0012666666666666668,,,-0.5206639683836799,,,,,-0.7027796355600677,57.073750000000004,,-0.5675301611971664,7.819999999999999,5777.866666666666
,,2019-W09,week,28,2019,2,27,Winter,0,,6.165,1021.3142857142857,-0.5348309999987766,-1.2568582094983973,-0.18681829641192063,1.0,-0.1549759153259542,42.43,45.0,,,,,,,,,0.0021,0.6897390227133539,7.33,-0.6153561142919078,,35.485,,0.29856672533459816,,,0.00045,,,56.906666666666666,,1015.1333333333333,-0.23592029116762298,0.6797023769385167,,74.5,79.78571428571429,1020.3833333333333,10462.68,,,,15022.939999999999,1020.5,,-0.07984391114306398,6.406428571428571,7.074999999999999,0.0015999999999999999,,0.7772941777133138,-0.5416811901546453,55.55555555555556,1.4158336963598488,73.5,-0.21629116842754015,61.94333333333333,1015.6999999999999,,6.100833333333333,-0.45635193787394185,6330.8,1025.65,13719.533660714287,0.7713386015361611,1021.55,,,35.52833333333333,14366.39625,-1.1785981446706404,,-1.5566691670697692,-0.2237565431690282,0.0019142857142857145,,83.0,0.6797235569946439,,,,,0.29670583295278957,54.244285714285716,,-1.7340930402228691,7.866,6335.6068749999995
,,2020-W11,week,26,2020,3,10,Spring,0,,,1019.9714285714284,0.27232269856396996,-0.1518429542399019,0.059019320863957336,,-0.24345406404397565,,56.625,,,,0.0018000000000000002,,43.0,,,,0.38686174022306785,,-0.2952815578305415,,,,0.49561450368330806,,,0.00135,,,57.66,,1019.6000000000001,-0.22090801510152444,-0.33187076862605425,,,83.0,1014.4,12367.36,,,,12507.5,,,-0.2201346404817173,8.675714285714285,,,2.875,0.6712764982527293,-1.2031274002705377,43.125,-0.24607470292316735,82.0,-0.12151123003501119,67.855,1020.0500000000001,67.85499999999999,8.77,-0.6189424323221883,6767.1,1020.9124999999999,10892.638461538458,0.496566745137582,,,,39.02428571428571,11049.98,-0.40622717019927645,,-1.2412034225345558,-0.8987286995732529,0.002285714285714286,,,-0.5206639683836795,,,,,0.41278825209408365,72.16142857142857,,0.8300150806418645,9.5025,5812.09
,,2019-W38,week,25,2019,9,17,Fall,0,,7.9125,1016.6750000000001,0.3167375719238465,0.6724996950345459,-0.1290513277823588,,-0.14237107782747938,81.995,58.0,,,,0.0008,,22.0,,,0.0034999999999999996,-0.6605888617225044,7.407500000000001,0.986076965742138,6.199999999999999,65.845,0.000925,0.6488738868434157,,,0.0008666666666666667,,,76.41749999999999,,1010.1949999999999,-0.029862367279588298,-0.3234643435936621,1.0,84.5,85.5,1011.4916666666667,14629.960000000001,57.0375,1.0,,19498.734285714283,1013.45,,-0.003796690292454774,6.20375,6.3875,0.012675000000000002,4.205,0.46816158773907324,-0.7220084250912685,52.166666666666664,-1.0538825460286951,54.833333333333336,-0.17180390564504802,91.52125000000001,1008.9625,96.625,8.916875000000001,0.9681992154706279,10237.345714285713,1023.5,16022.602149999999,-0.1779397002238357,1024.025,,,58.1225,17092.359107142856,0.9699199990378752,,0.4821702772223603,-0.2704212848463574,0.007012500000000001,,81.75,0.5153322506698551,,,,1009.6916666666666,0.13537842412864623,81.6775,,0.772633585718503,7.132777777777779,8929.041964285714
,,2020-W07,week,31,2020,2,10,Winter,0,,5.835,1024.9166666666667,-0.4058073678838448,-1.3777261869383206,-0.19173491620151253,,0.03787577056851436,54.865,70.5,,,,0.0012499999999999998,,30.0,,,0.008075,0.46618674278004757,10.608749999999999,-0.8276605917320887,,36.32041666666667,,-0.5567665940160982,,,0.0009375,,,56.615,,1028.3899999999999,-0.2260473995385713,1.5210454155971427,1.0,66.0,65.83333333333333,1018.8000000000001,11052.5025,42.20375,,,13948.2675,1023.6416666666668,,-0.4007698408603931,7.079166666666667,7.175,0.0013,3.5199999999999996,0.8169928157875177,-0.3736010039607904,58.714285714285715,0.9760529221763271,51.0,-0.2044431848929656,58.02214285714285,1015.5857142857142,64.025,6.5275,-0.866596827839385,6345.01,1020.575,12709.334516129033,1.5084482092153404,1025.3958333333333,,,43.5055,13184.327500000001,-1.18093468322981,,-0.8368301797046367,-1.224215272772623,0.00104,,78.66666666666667,0.19427271952546885,,,,1025.425,-1.0034172614297039,55.630833333333335,,-1.386527208662964,10.27925,6087.8412499999995
,,2018-W20,week,29,2018,5,20,Spring,1,1.0,,,,,,,,,,,,,,,,,,,,,,,,,,,,,,,,,,,,,,,,18432.75,,,,20319.735,,,,,,,,,,,,,,,,,,,10370.875,,14113.624137931038,,,,,,14819.64,,,,,,,,,,,,,,,,,,7580.5
,,2018-W04,week,26,2018,1,25,Winter,0,,,,,,,,,,,,,,,,,,,,,,,,,,,,,,,,,,,,,,,,,,,,,,,,,,,,,,,,,,,,,,,,,,11777.886153846153,,,,,,,,,,,,,,,,,,,,,,,,
,,2018-W48,week,19,2018,12,1,Winter,1,,,1012.2,1.2823358187136698,-0.29429291418929165,-0.1585460756726962,,-0.2497341732182867,,,,,,,,,,,,1.4671240477717544,,-0.9475406243696028,,,,-1.036979327917769,,,0.0051,,,60.445,,1008.2249999999999,-0.07115682808792767,-1.5255831232258041,,,58.0,1016.4000000000001,,,,,,,,-0.326146228581058,8.386000000000001,,,,-0.3556438780965476,-0.02139277459979812,65.33333333333333,0.309437853940235,54.0,-0.06454977073417204,55.80800000000001,1013.1,,12.11,0.15309322674663756,,,11870.876315789472,-1.093602296147834,,,,44.642500000000005,,-0.6353817484504947,,-0.7342302262582392,0.1662273694200793,0.00335,,,-0.7324970610975017,,,,,-0.24976403493458885,65.90799999999999,,0.5125235605075291,2.43,
,,2019-W05,week,22,2019,1,31,Winter,0,,,1021.5199999999999,-0.6227787492333687,-1.630630337016692,-0.05161456609628702,1.0,-0.3125352649613972,58.35,55.25,,,,,,,,,,0.3868617402230678,,-0.8683837591516972,,,,0.054227480182197786,,,0.00125,,,66.405,,1015.0875000000001,-0.1564598393919866,0.4415203343540667,,78.0,75.8,1015.7,9231.063333333334,32.66,,1.0,11281.07,,,0.19781156804396027,7.628,7.325,0.002975,,0.4459632368632607,-0.4382147438795337,57.5,0.1150084590380473,54.5,-0.08202013485535571,57.269999999999996,1014.0250000000001,,5.81,-0.3799021027360247,5064.490000000001,1018.25,12616.190454545454,0.8134313114525368,,,,36.945,13123.676666666666,-1.829477094652295,,-1.4288328134646127,-1.1737173558860852,0.0029125,,,1.5976669587545387,,,1.0,1008.25,0.04604248050879656,55.46600000000001,,-0.9083238112496191,7.846666666666667,6172.974166666667
,,2019-W42,week,27,2019,10,17,Fall,0,,5.1675,1012.9937500000001,-1.1764211706327923,0.4207674247466894,-0.05346326936459772,,-0.01367345890395553,74.27666666666666,,,,,0.0013045454545454545,,15.25,,,0.0075,-0.9129865971310762,,0.4199907770414701,4.4225,,0.00115,0.7216720938444668,,,,,,71.63374999999999,,1012.25,-0.27438924858700037,-0.5112078359837652,1.0,82.25,86.6875,1013.1562500000001,12403.350000000002,52.31,,,12058.3025,1011.8,,0.5383150065825298,3.4975,3.8200000000000003,0.001216666666666667,3.9925,-0.663954306927247,0.5728002454372717,76.5,-0.5915340742225854,49.3125,0.0,81.06583333333333,1009.5833333333335,85.55250000000001,3.9791666666666665,-0.00478645039557514,7002.4725,,11954.436666666666,-0.9311872826249943,,,,53.698,12166.0725,-0.03847373562400394,,0.08291478555693647,-0.8537305558129712,0.0009625000000000001,,69.0,0.0442242788531785,,,,1010.15,0.5846716937699646,74.9575,,0.29639630551699925,6.265,7157.860000000001
,,2019-W14,week,22,2019,4,4,Spring,0,,,1014.725,-0.4428512622605927,-0.7084776367835711,-0.14747871029890078,,-0.1185869774348323,71.1175,,,,,,,,,,,-0.3703314660026471,,-0.39084371043628896,,,,0.8864259307415827,,,0.001,,,56.08,,1016.49,0.022680598951756392,1.097221486880684,,80.75,89.375,1016.2,10468.7,52.230000000000004,,,10242.17,,,-0.33187058142552567,8.02125,9.4325,0.005625,,0.8406005857665582,-1.8128403872488743,31.666666666666668,0.2538865982539137,76.0,-0.12682763290308952,66.09,1014.8499999999999,,6.405,-0.9936543003221205,5704.21,,11353.421590909093,-0.576943512972834,,,,57.312,11321.455,-0.3227289474722767,,0.40903284338919815,-0.9287274620801071,0.0083125,,,0.22075185611469658,,,,1015.6500000000001,0.07003963557689437,70.78875,,-1.351355556317807,8.7925,5816.25
,,2018-W13,week,25,2018,3,29,Spring,0,,,,,,,,,,,,,,,,,,,,,,,,,,,,,,,,,,,,,,,,,,,,,,,,,,,,,,,,,,,,,,,,,,10403.196800000003,,,,,,,,,,,,,,,,,,,,,,,,
,,2018-W18,week,29,2018,5,6,Spring,1,,,,,,,,,,,,,,,,,,,,,,,,,,,,,,,,,,,,,,,,,,,,,,,,,,,,,,,,,,,,,,,,,,11605.187241379312,,,,,,,,,,,,,,,,,,,,,,,,
,,2018-W25,week,27,2018,6,21,Summer,0,1.0,,,,,,,,,,,,,,,,,,,,,,,,,,,,,,,,,,,,,,,,17212.648333333334,,1.0,,22870.181666666667,,,,,,,,,,,,,,,,,,,10811.791666666666,,17644.86416666667,,,,,,19896.188749999998,,,,,,,,,,,,,,,,,,9376.112500000001
,,2020-W15,week,30,2020,4,7,Spring,0,,7.304166666666667,1013.4166666666666,0.13293559599840055,-0.49877813058081555,1.7240018837355557,,-0.15252016417404093,68.41499999999999,75.0,,1.0,,0.0010022727272727273,,35.5,,,0.001943518518518519,0.24383635682487725,10.610416666666667,-0.7349216026796473,4.098828125000001,47.75541666666667,0.01741015625,0.28105136725915725,,,0.0002666666666666667,,,55.29475,,1022.75,-0.16609452781306258,-0.7542936265037817,,68.0,79.5,1015.1362500000001,10860.463333333333,52.185,,,9329.161666666667,1013.9,,-0.35878401536233506,6.011666666666666,7.4399999999999995,0.0029,2.83,-1.279165745485417,-0.44961716857107664,57.285714285714285,-0.041576642927816,75.6875,-0.20695014408288043,59.73499999999999,1013.0333333333334,62.325,8.3090625,-0.19832028480545388,5329.056666666666,1014.8,10296.249375000001,-0.8446511993044331,1004.1374999999999,,1.0,45.428999999999995,9178.191875,0.25297730560099024,,-0.6632584906508586,-0.8406060972162224,0.00282,,59.083333333333336,-0.30055614548572435,,,,1024.75,-0.2488136525556544,77.18416666666666,,0.42645131812248643,10.9728125,4972.886041666667
,,2019-W04,week,32,2019,1,25,Winter,0,,,1020.1863636363637,-1.2596313333756641,-1.386261350686067,-0.1327288509301252,1.0,-0.11215984888510573,56.095,66.25,,,,,,,,,,-0.6171203628465839,,-0.9435821795213444,,,,-0.7025952192048069,,,,,,70.6,,1025.8999999999999,-0.23621349968453895,0.8584790159607302,,83.0,63.45454545454545,1022.9,11161.21,,,,13416.93,,,-0.25979643425076726,11.66931818181818,6.022500000000001,0.00257734375,,-1.2161382849630313,0.07394416518226903,67.125,2.1148536637462927,17.0,0.0,55.8811111111111,1025.3333333333333,,3.7039999999999997,0.06587580919492898,5943.79,1010.7375,13812.846875000001,0.5405461863696659,,,,45.8590909090909,13327.58,-1.3748829014491535,,-0.6244481940365699,-0.6737379807718445,0.0019070312499999999,,,-0.3406058395769314,,,,,0.5731807068246649,45.49590909090909,,-1.0208730987541212,4.8,6377.6849999999995
,,2019-W19,week,19,2019,5,12,Spring,1,,6.347083333333333,1011.1300000000001,-0.4603652123230691,-0.19030296419508497,-0.23597786651155425,,4.782726645129637,74.4825,80.0,,,,0.0013045454545454547,,31.166666666666668,1.0,,0.08153333333333333,0.0019551937249961265,6.71875,0.17099000759247512,,52.353750000000005,,1.3048240467686767,,,0.0005666666666666666,,,63.02,,1019.3000000000001,-0.11928645403870389,-0.76690326405236,1.0,95.5,96.2,1018.1,11478.12,67.675,,,10131.86,1011.9125,,-0.2867533004064265,6.991000000000001,7.532500000000001,0.00455,6.152499999999999,-0.2255368771299956,0.8787653079936733,82.25,0.7816235272741395,64.0,-0.2668196919557063,76.46687499999999,1009.53125,79.17916666666666,6.347083333333333,-0.29591495990845357,5534.723333333332,1017.75,11421.871578947368,-1.3125428498101102,1016.0125,,,67.675,10096.291666666666,0.2747842598766554,,1.3441632897964269,1.1111883883859937,0.0048000000000000004,,83.70833333333333,0.9996797907811455,,,,1019.3,0.6887385642633003,73.69500000000001,,-0.12080891222527683,6.519166666666667,5752.173750000001
,,2019-W37,week,21,2019,9,12,Fall,0,1.0,,1018.125,-0.45444322920841884,0.8834709291305842,-0.16591603450987025,,-0.19160988550943536,80.55,64.75,,,,0.0010522727272727272,,30.625,,,,-0.24833922722183743,,0.8723995136693423,2.848125,,0.0013124999999999999,0.31170324389117876,,,0.0023,,,69.234375,,1016.6035714285715,-0.18193383685299952,0.1669104499625771,,83.0,80.0,1013.75625,17757.87125,61.49333333333334,1.0,,21552.5,,,0.26133620689432047,3.7024999999999997,3.18,0.0012,3.5375000000000005,0.47186131288503824,-0.31405500834939964,59.833333333333336,-0.4248803071635834,58.875,-0.1070809936787986,89.42166666666667,1010.6458333333334,89.6425,6.366666666666666,-0.7166582427273429,10195.9875,1021.3125,16355.617797619045,0.11875544258953147,,,,62.69142857142857,17917.030468750003,1.2167462573443841,,0.8944586314250762,0.4062174694749147,0.00325,,,-0.9972884269897789,,,,1015.8416666666667,0.4737145510293534,82.475,,1.3263504478977441,8.17,8617.113124999998
,,2020-W04,week,24,2020,1,21,Winter,0,,13.355,1027.825,1.6588227452365372,-1.8732242459647697,-0.009819983986613708,1.0,-0.3031151011999307,49.67,51.375,,,1.0,0.0011142045454545454,1.0,58.125,,,0.00055,0.43944460176652034,,-0.6039635536059064,2.8200000000000003,,0.0025,0.005184477570963367,1.0,,0.0005,,,57.88666666666666,,1013.9399999999999,-0.27792579439103315,0.8870608610708695,,75.0,75.0,1018.6333333333333,11504.046666666667,47.44125,,,14079.105000000001,1021.75,,0.4500616729146488,6.51,6.51,0.0008750000000000001,4.0375000000000005,1.7904433549081613,-0.5632613346634544,55.15,0.9297602091043718,52.0,-0.0896149960954676,62.153749999999995,1018.1125000000001,57.551249999999996,13.355,-0.8752108937704177,6264.8,1029.4625,13081.376770833333,2.1035436393410083,,,,47.05049999999999,13193.817083333335,-1.7138383874411733,,-0.5169385042714973,-0.5737421057489968,0.0008750000000000001,,80.5,0.8297719976669344,,,,1013.15,-0.5144455274678669,49.67,,-1.1844540507792987,7.88,5847.09375
,,2018-W36,week,25,2018,9,9,Fall,1,,7.895,1012.875,0.18538294645527584,1.3158797795190122,0.0,,-0.0024049577100778274,77.355,77.5,,,,0.0023,1.0,48.5,,,0.0053,0.32796893529440113,,0.6161232970495845,,,,0.9400667148476203,,,0.0031333333333333335,,,71.122,,1018.0800000000002,-0.10501837273716585,-0.2646193683669079,1.0,90.5,90.25,1012.3,11703.410000000002,,,,11322.963333333333,1014.7,,0.0,3.19,5.89,0.0025546875000000005,4.615,0.7037107553657158,0.1160697897371359,67.91666666666667,-0.8293628876297333,71.4,-0.11330746993433456,84.68833333333333,1007.7666666666668,81.275,8.4825,0.2739055014293744,6260.656666666667,1022.3499999999999,14042.367,-0.9554855917347164,,,,65.85799999999999,12758.908333333333,1.4969978746595825,,1.1802018866195543,0.5022135094968488,0.0025546875000000005,,74.0,0.11483530975778566,,,,,0.17695765320703366,77.89250000000001,,0.8493849761362993,6.556,6991.284166666667
,,2019-W15,week,22,2019,4,8,Spring,0,,11.392083333333334,1011.4749999999999,0.8405495783787293,-0.033578423627714064,-0.14256871830559392,,5.4227744384781715,78.4,58.0,,,,0.0013045454545454545,1.0,15.5,1.0,,0.12186666666666668,-1.0013258045240763,10.059999999999999,0.4993551898995958,6.83625,57.905,0.00115,-2.355010023094695,1.0,,0.0006000000000000001,,,73.05333333333333,1.0,1019.125,-0.10501837273716585,-1.4798731871121655,1.0,35.0,36.5,1018.3916666666668,11496.528333333334,48.755,,,11761.921666666667,1006.2958333333335,,0.38500543161857853,4.4875,6.535,0.0025546875000000005,3.12,-1.0709240729837666,-0.3317921134251331,59.5,0.8626357751500523,40.666666666666664,-0.19935528284276852,82.53166666666665,1012.1833333333334,81.795,10.6490625,1.412361990039513,6196.31,1008.7,11042.395113636363,-1.2419498675545229,1014.9,,,49.59700000000001,11860.543749999999,0.1229735415934558,,-0.28714889877347416,-0.8387311745595438,0.0025546875000000005,,73.66666666666667,0.008918763400874724,,,,1018.3416666666666,-0.6025934931140485,81.38,1.0,0.14462297963626747,9.0075,6340.125416666667
,,2019-W32,week,31,2019,8,10,Summer,1,1.0,6.842865513392857,1013.2333333333332,-0.3104411085516498,1.0625827086658581,-0.08203615104438666,,0.1007604019721134,,69.375,,,,0.0013045454545454543,,24.866071428571427,,,0.006981026785714286,-0.6022218854092724,5.5893749999999995,1.5091951530356913,5.449999999999999,72.80737500000001,0.001375,-0.710025977176206,,,0.0005535714285714286,1.0,,75.22,,1014.9725000000001,-0.03910663636066561,-0.5985589734762318,,,63.333333333333336,1011.93125,18131.825624999998,67.995,1.0,,21339.423125,1012.9137834821428,,-0.1047005353637547,7.34,,,3.590178571428571,-1.337304283493493,0.1692811049643362,68.91666666666667,-0.9317855153014216,57.375,-0.23381532826808146,101.1830625,1007.7693749999999,99.62723214285714,6.842865513392857,0.8831353144016778,10773.522500000001,1010.4749999999999,17413.05362903226,-0.882164378280836,1010.7762500000001,,,68.732,18795.770156249997,1.0501315499737702,1.0,1.4395442491568868,1.011348756917869,0.0063,,75.88839285714286,0.5855492468037893,,,,1015.2874999999999,-0.18846437149330905,90.80666666666666,,0.8725035952795999,5.135859375000001,9431.910937500003
,,2019-W17,week,28,2019,4,24,Spring,0,,4.55,1016.4875000000001,-0.6250467427666389,-0.104418803502857,-0.2679358951439013,,-0.140567359544921,,79.5,,,,,1.0,,,,0.0009,-0.9256064839015048,5.789999999999999,0.5678910302244924,3.7600000000000002,54.04,0.00075,-0.06378224485108518,,,0.001425,,,63.94166666666666,,1023.175,-0.25088968773665415,-0.3045498872707793,,,73.875,1014.7666666666668,10605.256666666666,56.515,,,10007.856666666667,1014.25,,-0.28699941558206254,8.9275,,,,-0.8353749053571099,0.43977195736927094,74.0,-0.1442307341648643,72.5,-0.19259520135839106,83.7975,1009.8000000000001,,5.8025,-0.46173572908083743,5148.0233333333335,1011.5250000000001,11064.301071428572,-0.21630545144969293,1019.325,,,55.201499999999996,11618.383333333333,0.2058386377431324,,0.21858675565953867,0.24422415193790079,0.000657142857142857,,67.0,0.43258494882851845,1.0,,,1023.45,0.4252450497036905,73.71124999999999,,-0.15406299346258867,4.944,6208.038333333333
,,2019-W01,week,31,2019,1,4,Winter,0,,6.655,1019.6708333333332,-0.3672514778182499,-0.5281223785610442,-0.17255347122581927,1.0,-0.17067618826173184,54.88958333333333,80.8125,,1.0,1.0,0.0010818181818181818,1.0,57.5,,,0.0013,0.6443074303398109,10.479166666666668,-1.5261112548200395,4.043333333333334,45.357499999999995,0.0013166666666666667,0.2223019370477826,,,0.062575,,,49.3525,,1024.95,7.624738415134874,1.0551893617187147,1.0,78.54166666666667,78.54166666666667,1019.14,10214.40111111111,41.760000000000005,,,13701.392222222223,1022.75,,-0.12123712928944115,5.366666666666667,5.366666666666667,0.1964,3.7649999999999997,-0.8766885028204304,0.8233368546320063,81.20833333333333,1.0704900568430986,39.35,1.6169590576333785,45.122,1018.9125,42.620000000000005,6.655000000000001,0.18604202893283872,6741.176666666666,1012.51875,13767.592983870967,0.4350597471405631,1011.1999999999999,,,42.410000000000004,13887.8025,-0.9015509547627282,,-0.9356852799689538,1.1111883883859937,0.1964,,77.0,0.6444180415423403,,,,1024.0,-0.3376744049860366,54.88958333333333,,-1.5552491931013257,10.341875000000002,6720.06111111111
,,2019-W25,week,28,2019,6,21,Summer,0,1.0,8.7225,1012.5812499999998,1.09711634682993,0.9127005366965234,-0.10692653872919544,,-0.08983642156571409,85.31187499999999,68.5,,,,0.0013045454545454547,1.0,15.75,,,0.0037500000000000003,-1.0463968287041783,5.30375,0.9321758122843231,3.2,71.16,0.00115,0.2312420677321222,,,0.004365,,,64.8175,,1022.5624999999999,1.7820460457731873,-0.8922991041188896,1.0,70.53125,78.6875,1013.825,16689.17444444444,56.769999999999996,1.0,,18290.61111111111,1011.7,,-0.3225974629572298,6.950625,5.5609375,0.07388750000000001,3.7383333333333333,-0.7286994969816933,-0.5512887887373343,55.375,-0.4057845630213923,77.0,-0.15142843351427301,90.52571428571427,1007.0535714285714,86.91000000000001,11.4975,-0.47358006973600764,9250.975555555555,1012.55,15834.34160714286,-1.0155919353219156,1012.425,,,56.25,15769.011666666667,0.921481160530157,,0.3132006968983672,0.6372079407776937,0.07388750000000001,,80.875,0.8363917818142413,,,,1022.95,0.4054058175434311,84.39124999999999,,0.8102325432634641,6.4435,8099.402638888889
,,2018-W02,week,20,2018,1,10,Winter,0,,,,,,,,,,,,,,,,,,,,,,,,,,,,,,,,,,,,,,,,,,,,,,,,,,,,,,,,,,,,,,,,,,14329.388499999997,,,,,,,,,,,,,,,,,,,,,,,,
,,2019-W20,week,22,2019,5,16,Spring,0,,11.2975,1012.3799999999999,0.44179221535555513,0.3308893399437309,-0.0835692808304916,,-0.09452986452321033,,,,1.0,,0.0013045454545454545,,24.0,,,0.0036916666666666664,-0.6311424592581711,8.725,0.3723450578952614,4.09,72.025,0.0026,0.4220499997664563,,,0.0028,,,59.91166666666666,,1008.7958333333332,-0.07196518141456373,-0.9875719211526747,,,81.8,1013.5,15330.593333333332,57.8875,,,15012.583333333334,1008.8666666666667,1.0,-0.08606616448565618,7.178,,,1.98,-1.0220877010569849,-0.35839777103873327,59.0,-0.49605535351169205,66.83333333333333,-0.03979445297547468,80.18583333333333,1009.9000000000001,77.55499999999999,9.330416666666666,0.8066854792637609,8629.06,,12987.197045454546,-1.0567711749710083,1009.25,,1.0,57.159166666666664,14267.161666666667,0.35218398395443773,,0.3952415567708534,-0.2237565431690282,0.0033,,81.16666666666667,0.7547477773307892,,,,1006.8875,-0.08027917735792377,75.426,,0.36319574461559956,6.463000000000001,8235.653333333334
,,2018-W47,week,18,2018,11,22,Fall,0,,,1024.25,-0.7104744991864864,-1.040831292042438,-0.19172828840522751,,0.0,,,,,,0.0013045454545454545,,48.0,,,,0.4247214005343536,8.285,-0.7684224989543251,4.95,39.1,0.0012000000000000001,0.4649626270512865,,,0.0016,,,60.913333333333334,,1016.9,-0.14555793715437623,0.8450287359089002,,,82.5,1019.3666666666667,10016.314999999999,46.400000000000006,,,10741.82,,,-0.3030644724893412,5.9,,,2.505,-0.7083510086788606,0.7058285335052723,79.0,1.1334481466209463,66.33333333333333,-0.14125655929794628,59.11625,1019.1375,59.565,5.52,-0.34113880604637653,5183.48,,11526.815555555557,1.372036649301154,1022.4,,,46.400000000000006,10495.455,-0.5856626907606886,,-0.5756379499327824,0.07623108189951602,0.00415,,,0.13248806748393735,,,,1016.9,-0.8081136825586496,55.75,,-1.1518310688939353,8.589000000000002,4936.46
,,2020-W02,week,29,2020,1,9,Winter,0,,,1020.5071428571429,0.893104928527665,-0.5237850615042853,-0.09217667936041986,1.0,-0.03346193819447913,61.03,63.25,,,,0.0007666666666666667,1.0,,,,,0.7402185697950683,11.945,-1.1960834354385463,,48.9875,,0.355491639079781,,,0.0007750000000000001,,,56.2625,,1016.9958333333333,0.010081128714429566,0.23976613357664261,,90.5,80.71428571428571,1015.825,10422.414,39.0925,,,11332.279999999999,,,0.05869548775021244,7.0200000000000005,7.209999999999999,0.01215,,0.739474765110089,-0.13224968132313206,63.25,0.14972799384201385,62.875,-0.14885179481273125,51.2175,1015.0749999999999,,10.822857142857142,-0.29106954782224753,5349.066,1021.2,12440.448793103447,0.6061831772114848,1021.5000000000001,,,39.42583333333334,12049.275,-0.6914320719135345,,-1.204968798945464,-0.035192893125943314,0.008333333333333333,1.0,,0.39475761084390737,,,,1024.2375,-0.14344000629128356,59.92428571428571,,-0.9735697750203448,12.711428571428572,5749.914500000001
,,2020-W01,week,11,2020,1,2,Winter,0,,,1024.5,1.0343685257427853,-0.8052193541323779,-0.11061400357138933,,0.0,,,,,,0.001,,,,,,1.3585930215460686,,-1.5245952546653876,,,,-0.24003053548520895,,,0.0027,,,54.3,,,-0.30520771916500067,-1.7777758741975813,,,71.0,1017.8499999999999,,,,,,,,,6.28,,,,-0.989530119772466,0.08857727686974907,67.4,0.7121844576661984,60.0,-0.20201020937341818,45.15,1021.0,,11.29,0.22738954540179662,,,11853.226363636364,1.4231909842689754,,,,,,-0.9117973635619103,,,-0.19375778066217378,0.0002,,,0.379626675650063,,,,,,48.54,,-0.8593893384215745,11.925,
,,2018-W40,week,36,2018,10,7,Fall,1,,,1017.2428571428571,-0.09358025813696906,0.7609905897348472,-0.2064781477740031,,-0.18914745374045233,,76.5,,,,0.0012,1.0,,,,,2.176081242341609,,-0.1494267016815732,,,,1.0035598878710936,,,0.002,,,73.83,,1014.1,-0.20502188356261827,-0.014828453118681386,,,91.28571428571429,1011.4833333333332,16899.48,,,,18274.52,,,-0.22354750858513173,4.175714285714286,,,,0.5224242232132751,0.909805241876207,82.83333333333333,-1.0561971816822904,57.166666666666664,-0.22327582084573147,70.5488888888889,1009.5222222222224,,7.56,0.34152591898798274,9060.53,1020.25,15093.49763888889,-0.06174628222549389,,,,52.89833333333333,16704.485,0.7322026941845238,,0.010754923839578453,0.6162088070228957,0.0018333333333333333,,,0.7654655230930957,,,,,0.22859509579581208,79.5442857142857,,0.6492571299913334,5.4399999999999995,8286.415
,,2018-W49,week,30,2018,12,8,Winter,1,,8.7,1025.45,-0.35717150655927093,-1.0492290986117732,-0.25164959209087834,,0.35032784091372626,51.9125,66.0,,1.0,,0.0013045454545454545,,53.5,,,0.02435,0.9522326675382684,9.77875,-0.8440736138145976,4.395,34.161249999999995,0.0010375000000000002,-0.3549750728552897,1.0,,0.0013499999999999999,,,58.67875,,1023.8285714285715,-0.0906301045404014,0.9199860257810691,,57.875,69.125,1021.2500000000001,10457.679999999998,38.65,,,13440.063999999998,1021.7375,,-0.0842744627942985,7.066249999999999,6.03875,0.0007,3.4625000000000004,1.3116989210198546,0.014081435551668705,66.0,1.6565558043339996,48.0625,-0.13886997718286995,57.71900000000001,1016.5,57.3925,6.6883333333333335,0.4712752870741661,6350.192,1027.35,13607.093499999999,1.6175774571466828,1027.925,,1.0,36.77285714285715,13752.443,-1.3889885891645195,,-1.4443665418102476,-0.07161996188426659,0.003266666666666666,,84.625,0.42596516468121154,,,,1025.4,-0.6356871652376631,51.1875,,-1.3092175380492135,8.365357142857142,6483.885
,,2018-W38,week,22,2018,9,19,Fall,0,1.0,4.470000000000001,1013.8083333333333,-1.027993593844326,1.0119273623808958,-0.07128435915279696,,-0.3015450739063529,84.4475,91.625,,,1.0,0.0013045454545454545,1.0,27.5,,,0.000575,-0.23992596937488508,8.879999999999999,1.177088473323079,3.865,73.0175,0.00115,0.1431179224150603,,,0.0038699999999999997,,,73.96333333333334,,1017.2000000000002,-0.010140642156206322,-0.4579671441119525,,73.75,77.25,1010.2416666666668,16150.698571428571,57.8125,,,18577.79714285714,1013.75,,-0.2582087492613256,6.259166666666666,8.317499999999999,0.00895,3.9299999999999997,0.10651345472065711,1.3476900234333757,91.0625,-1.4010778940683055,53.333333333333336,-0.16646625876969456,95.04916666666666,1006.0833333333335,97.695,4.470000000000001,0.06910608391906671,8437.635714285714,1017.9625,15087.62431818182,-0.7645094078548532,1017.5500000000001,,,58.61499999999999,16018.840714285716,0.760173543587107,,0.5266122095639174,1.126187769639421,0.007375,,84.25,1.0283655220861423,,,,1017.5,0.22305119858536035,82.3275,,0.41625663628331006,8.534,7528.941071428571
,,2018-W15,week,22,2018,4,11,Spring,0,,,,,,,,,,,,,,,,,,,,,,,,,,,,,,,,,,,,,,,,,,,,,,,,,,,,,,,,,,,,,,,,,,10633.990454545457,,,,,,,,,,,,,,,,,,,,,,,,
,,2018-W07,week,25,2018,2,12,Winter,0,,,,,,,,,,,,,,,,,,,,,,,,,,,,,,,,,,,,,,,,,,,,,,,,,,,,,,,,,,,,,,,,,,12542.170799999998,,,,,,,,,,,,,,,,,,,,,,,,
,,2020-W03,week,26,2020,1,14,Winter,0,,6.41,1022.385,0.06517928919195087,-0.7008842502026761,-0.1585460756726962,,-0.20811181101523893,65.29625,66.25,,,,0.0015522727272727272,1.0,63.5,,,0.0021,0.9105870411958541,,-1.3328618422488976,,,,0.7699487995399008,,,0.0011666666666666668,,1.0,56.79,,1008.625,-0.07441197673842521,0.364461438223795,1.0,92.1875,87.475,1021.525,11246.94,36.07999999999999,,1.0,12762.52,1017.55,,0.15299445135456338,7.42225,5.525625,0.009749999999999998,4.21,1.1008145876996622,0.38212636587313736,72.91666666666667,1.7329387809027115,48.5,-0.24859202497943778,48.691250000000004,1016.0124999999999,43.825,8.084999999999999,-0.3863626521842992,6024.838,1027.275,11977.233269230766,0.9904253104412097,,,,35.401666666666664,12051.855,-1.0869034156166257,,-1.5680992410391719,0.42621664447948415,0.00545,,92.5,1.037191900949218,,,,1007.35,1.171849606888374,65.7825,,-0.4173285154333078,8.923333333333334,5816.5199999999995
,,2019-W28,week,34,2019,7,8,Summer,0,1.0,7.019166666666667,1011.0875,-0.18263680421004885,1.2792392238809396,-0.17790526609421414,,-0.28929886101644636,87.63125000000001,70.578125,,,,0.0013045454545454545,1.0,15.0,,,0.0008833333333333333,-1.0938716408405524,5.537999999999999,0.94449975911976,2.7583333333333333,75.36375000000001,0.0009166666666666666,-0.25152498922221705,,,0.026774999999999997,,,70.545625,,1016.155,-0.09705673755621187,-0.548756534461792,1.0,67.625,70.8125,1013.6374999999999,16835.469375,65.76916666666666,1.0,,17989.69125,1013.15,,-0.26091698286484644,5.8481250000000005,7.361250000000001,0.0085,4.672499999999999,-0.5157010350066615,0.4041393802081994,73.33035714285714,-0.45786386522732453,66.84375,0.35291661869957086,90.75333333333333,1011.1833333333334,92.57,7.2655,-0.4182616150851555,9392.731249999999,1014.603125,15943.36745404412,-1.3212390867546377,1012.3575000000001,,,67.9635,16734.27083984375,1.1177836519466902,,1.3701967872188423,0.477047880949432,0.005350000000000001,,65.0,-0.23468929322002047,,,,1016.8916666666668,-0.46360007019486743,86.33312500000001,,1.2882514654816237,5.323333333333333,8697.088095703128
,,2018-W09,week,25,2018,3,2,Spring,0,,,,,,,,,,,,,,,,,,,,,,,,,,,,,,,,,,,,,,,,,,,,,,,,,,,,,,,,,,,,,,,,,,11320.615600000001,,,,,,,,,,,,,,,,,,,,,,,,
,,2018-W29,week,27,2018,7,16,Summer,0,1.0,,1014.5200000000001,-0.05023638172335926,1.3473947992149804,0.0,,0.0,87.725,64.5,,,,0.0013045454545454545,,34.0,,,,-0.07755009292870388,11.825000000000001,1.2429713133773346,,76.44083333333333,,-0.7396561245871601,,,0.04455,1.0,,74.97,,1019.3125,-0.04200734909486634,-0.917518379216073,,66.25,62.85,1015.0500000000001,16795.887142857147,75.58000000000001,1.0,,21707.05,,,-0.058297890830891576,6.352500000000001,6.2225,0.0025546875000000005,4.1425,-0.5648016730152909,0.1524308551423894,68.6,-0.06553312194255212,64.5,0.8020271716659836,96.26599999999999,1008.0600000000001,94.43,7.703333333333332,0.5407261936431191,9920.76,1015.0250000000001,17622.71777777778,-0.6188900676464512,1014.1416666666665,,,75.065,18418.46142857143,1.1956203131686964,,2.0110178684849758,-0.42249834477693876,0.0025546875000000005,,,-1.7563570092143073,,,,1020.95,0.2575025598217384,88.61099999999998,,1.7220011954657624,11.87125,8447.965714285714
,,2020-W10,week,29,2020,3,8,Spring,1,,8.125,1019.805,-0.09408425669991805,-0.8250410515708184,-0.08848148208922679,1.0,-0.1548173772035304,72.77833333333335,46.375,,1.0,,0.0009249999999999999,,20.25,,,0.0016768518518518521,-0.6353490881816474,,-0.02420629208203644,4.970416666666667,,0.0034999999999999996,-1.7572984287702753,1.0,1.0,0.002525,,,64.57555555555557,,1014.60234375,-0.21506545557310192,1.0187615199116846,1.0,43.083333333333336,46.25,1015.4263888888888,9918.905,44.32479166666667,,,10789.958333333334,1028.85,,0.23964755304504826,9.198,9.226666666666667,0.0011666666666666668,6.115,-0.0830974590102157,-0.9836307249583366,47.25,0.03901125507826489,48.77777777777778,-0.138217741494331,72.86166666666666,1011.2416666666667,70.015,7.558333333333334,0.368175685462116,5215.505,1020.6875,10945.40620689655,0.46251257357328984,,,,44.16109374999999,10977.931666666665,-0.30708699673840495,,-0.7776710871542857,-0.12376066814618021,0.0011,,39.0,-0.5339035366782937,,,,1015.4031249999999,0.1945768515290003,74.23700000000001,,-0.523061929936761,8.191666666666668,5337.014166666667
,,2019-W41,week,22,2019,10,13,Fall,1,,6.095,1016.475,-0.705560513197734,0.3429006968989648,-0.08996618879398903,,0.05254599756514389,70.635,,,,,0.0013045454545454545,,30.0,,,0.0124,-0.24413259829836126,,0.019085438524769308,3.87,,0.00115,-0.339649134539279,,,0.0006000000000000001,,,67.502,,1019.55,-0.11163360796881654,-0.12591335533243705,1.0,63.5,69.375,1010.9399999999999,10353.583333333334,56.085,,,10669.756666666666,1014.5,,-0.15081657130517168,4.735,3.65,0.0025546875000000005,4.585,,,,-1.2071114262968445,40.8,-0.15948422627421482,73.66125,1009.4375,75.945,5.536249999999999,-0.4044521906394685,5576.860000000001,,11097.248409090906,-0.21886316819808463,,,,53.295,10201.574999999999,,,0.04654910284902238,-0.13376025564846503,0.00222734375,,66.0,-0.706017924508274,,,,1020.4499999999999,-0.08962460408411364,69.95875,,0.5782064392142194,11.508000000000001,5448.299166666667
,,2018-W35,week,20,2018,8,31,Summer,0,1.0,7.2749999999999995,1013.9875,-0.12760016113602346,1.6602554622286636,0.0,,-0.11062054264890066,77.825,74.5,,,,,,,,,0.0018537037037037044,-0.5722496543295044,7.7503955078125,1.4852064809456718,,83.25227050781251,,1.0626742213757066,,,0.030798658536585373,,,76.71000000000001,,1018.4399999999999,-0.10759184133563618,-0.5693522757911436,,91.0,92.25,1011.7,16731.181666666667,,1.0,,22548.171666666665,1013.475,,0.0,1.555,0.45999999999999996,0.0025546875000000005,,0.36456928365194674,0.46637761498287095,74.5,-0.9960166546887572,46.5,0.5430095342509887,100.74,1007.8,,7.4475,0.6634766331603383,11343.656666666668,1020.9499999999999,17148.011625,-0.7278488011279091,1016.953076171875,,,67.46,18394.63208333333,1.2863436274251514,,1.3247622431904682,0.08556663429422723,0.0024273437500000002,,48.75,-0.9774290745478583,,,,,-0.4540962464055216,77.61875,,1.2906690614606287,7.700263671875,9201.732916666666
,,2019-W22,week,19,2019,6,2,Summer,1,1.0,7.54,1013.1999999999999,-0.09962824089235638,0.5337806847688427,-0.11797899156134962,,-0.2842747736769975,,,,,,,,,,,0.0008500000000000001,,7.895,,,64.63,,-0.07363463376852053,,,0.001413008130081301,,,72.75,,1016.9958333333334,-0.12070665425346123,-0.3739028937880171,,,73.71428571428571,1010.8,16848.8825,59.20625,,,15000.997500000001,1014.25,,-0.22936311754345073,7.994285714285715,,,,-1.324971866340265,0.9186737944140736,83.0,-1.245997305277298,52.0,-0.18083123103761756,,,,7.54,2.5079635006427634,8579.015,,14058.968421052632,-0.8889849562765526,1010.425,,,62.56875,14913.605,0.7858012039412623,,0.8833884329048985,0.8486992164510174,0.002525,,75.0,0.5385014951854293,,,,1017.7875,-0.006822539319439029,83.35285714285713,,0.45834610844790796,6.635,8720.5275
,,2018-W46,week,24,2018,11,18,Fall,1,,7.45375,1025.0346679687502,-0.43241849200754945,-0.7558685048196933,-0.13273547872641023,,-0.10491775662676354,42.95880859375,75.58333333333333,,,,0.0013045454545454547,1.0,27.3125,,,0.0012,-0.396359982466656,12.330833333333333,-1.1295553929375193,4.185,41.83541666666667,0.0014,-0.15591747558679045,1.0,1.0,0.00355,,,64.69444444444444,,1026.31,0.2379318413485524,1.0635957867511137,,69.494140625,72.3720703125,1018.5736111111112,12408.584444444445,51.129999999999995,,,14910.231111111112,1026.9,,-0.12962749021282996,6.356953125,9.383906249999999,0.019525,3.3372916666666668,-0.20056373239471087,0.06396704357716895,66.9375,0.9131719869202521,38.93055555555556,-0.17618768115703778,52.44625,1022.7625,52.83833333333333,6.4395,-0.12040336656365784,7419.971111111112,1013.4416666666666,12498.521197916665,1.5325933217489982,1019.2708333333334,,,48.64399999999999,13893.164305555554,-0.7363561268486116,,-0.3731451658222142,0.025608170169199175,0.019525,,52.25,0.09894782780424903,,1.0,,1025.05,0.9638742629648587,50.180654296875,,-1.1838132422065502,12.433125,6925.046666666666
,,2019-W11,week,30,2019,3,14,Spring,0,,11.3,1017.925,0.8041671821158518,-0.7905749657263659,-0.10692653872919544,,-0.19143443075178446,,,,,,,,,,,0.0015249999999999999,0.9522326675382683,,-0.9436423382576404,,,,0.15844386073107106,,,0.0008,,,56.559999999999995,,1028.0187500000002,-0.1894985647002419,-0.33081996549700143,,,77.5,1018.95,10796.406666666668,45.09,,,10581.703333333333,1005.425,1.0,-0.2512457367291323,10.51,,,,0.010875559697377014,-0.007203090539211398,65.6,1.017716363941084,36.5,-0.06493278869956713,55.88000000000001,1013.78,,10.52875,0.3113766882293676,5444.19,,11066.609166666667,0.07783197461527674,,,,45.2425,10623.998333333333,-0.3924845991973751,,-0.6800877706137021,0.25622365694064253,0.0015000000000000002,,75.75,0.0453275762110629,,,,1026.55,-0.8345461924727671,66.6225,1.0,-0.41339021274662635,5.6274999999999995,5560.611666666667
,,2019-W45,week,25,2019,11,6,Fall,0,,,1020.55,-0.03007643920540124,-0.286526950640649,-0.07079137161458078,,-0.281134719089842,,,,,,0.0015,,,,,,-0.7615479558859332,,0.3220147551418566,,,,0.26572542894314644,,,0.00085,,,66.144,,1021.8,-0.22841415313457372,1.1644728871398207,,,79.25,1014.8799999999999,,,,,,,,-0.4423633296718258,7.2825,,,,0.9010294298173673,-0.8905109233107362,49.0,-0.11275168927595206,41.6,-0.06455304563756153,79.25625000000001,1014.15,,7.77,-0.6706268279083858,,,10879.4444,0.6149524917774006,,,,52.6,,-0.7976669873144117,,-0.016165908272566254,-0.21625685254231464,0.0021,,,1.5447086855760832,,,,,-0.19036513625117826,68.4625,,-0.13294543822429522,7.925000000000001,
,,2018-W39,week,25,2018,9,30,Fall,1,,,1016.3399999999999,-0.39530739782240837,0.9754791067925992,0.0,,-0.20647119890636612,75.43833333333333,95.0,,,,,,,,,,-0.5049435915538854,6.9725,0.7605945022637507,,71.3325,,1.171488383419383,,,0.01705,,,72.06833333333333,,1012.6,0.23143784555552216,-0.008690428491849447,1.0,93.04166666666667,94.025,1012.7333333333335,11107.0825,,,,10957.03,,,-0.3287141524883228,4.436999999999999,3.6916666666666664,0.021329166666666666,,0.3867676345277704,1.5572095771404768,95.0,-0.709001833642664,64.16666666666667,0.15595655053933602,87.35666666666667,1010.2166666666666,,6.562222222222221,0.17139811685008258,5688.33,1021.1,12667.605499999998,-0.24648650908072023,1019.8625000000001,,,58.3625,11743.014375,0.5419543648221576,,0.5038272594801749,0.36121932571463294,0.013477499999999998,,,1.144579510449975,,,,,-0.37687767811708783,74.909,,0.24908003615549054,6.545000000000001,6197.29
,,2019-W27,week,28,2019,7,6,Summer,1,1.0,6.1375,1015.8437500000001,-0.510765068617964,1.3377639478209833,-0.19225790958109165,,-0.1714778408317578,82.201,67.75,,,,0.0013045454545454545,1.0,18.0,,,0.0009000000000000001,-1.0265655780649334,5.452500000000001,1.1361203739056955,2.9299999999999997,77.8675,0.00109375,0.5588339992368524,,,0.004916666666666666,,,67.63321428571429,,1018.2999999999998,-0.07646219647346401,-0.11960853655814674,1.0,82.85,84.03125,1013.8500000000001,16684.559090909086,62.26,1.0,,18666.048181818183,1015.7916666666666,,-0.34620824644584697,4.8653125,4.6345,0.006885,2.9212500000000006,-0.7246297993211267,-0.20674552264121243,61.85,-0.3988406560605994,70.0,-0.11543066260950809,94.2925,1010.4500000000002,90.42375000000001,6.180416666666666,-0.7426158074748753,9344.726363636362,1013.9166666666666,15503.009419642854,-0.34802786399183816,1011.875,,,62.951666666666675,16190.797613636363,1.560245357597195,,0.9179418473058214,-0.0994759556406314,0.005589285714285713,,80.16666666666667,0.7812269139200169,,,,1017.75,-0.4350885988268302,81.490625,,0.8019797055841315,5.673571428571429,8157.656363636363
,,2018-W43,week,15,2018,10,24,Fall,0,,,1019.0666666666666,,-0.44547033793620383,-0.14380118715113438,,,,,,,,,,,,,,,,,,,,-0.24003053548520892,,,0.001,,,67.69999999999999,,1016.45,-0.1003886508439401,,,,71.0,1014.6250000000001,8380.88,53.03,,,8041.13,,,0.27940603499715294,5.1066666666666665,,,,-0.08679718415618631,-0.44708329641740036,57.333333333333336,-0.18357954027602824,68.25,-0.253655265806179,,,,,-0.44935300930497757,4130.16,,10376.287333333334,0.3114367709683283,,,,53.269999999999996,11263.15,-0.3368811886124459,,0.04429316719716663,-0.6737379807718445,0.0003,,,,,,,1019.2,1.3124270004391125,66.13666666666667,,,9.37,5777.975
,,2019-W39,week,32,2019,9,25,Fall,0,,9.940000000000001,1013.3375,0.6011817608881614,0.9687929819850061,-0.16591603450987022,,-0.11230686826052126,83.47916666666667,61.5,,1.0,,0.0017000000000000001,,52.0,,,0.0018,0.3111424196004964,,0.4608235193021886,4.191666666666666,,0.0014833333333333332,0.3576810588392111,,,0.0016,,,73.40416666666665,,1017.6861111111112,0.022186245794585495,-0.5462346069520707,1.0,81.25,80.75,1008.7416666666668,15253.545833333335,55.81828125,1.0,,19084.610833333332,1012.5999999999999,,0.5490981552762104,7.494749999999999,8.027916666666666,0.00715,4.140000000000001,0.22397972810516484,-0.181026720281399,62.333333333333336,-1.817712311715873,58.583333333333336,-0.047085519765982096,81.82,1009.5,77.77,9.857500000000002,0.13317319928112395,9720.984999999999,1020.9000000000001,16539.109374999996,-0.8608500720442424,,,,58.72701388888889,18308.837499999998,1.274798378073961,,0.5367200545818158,0.010233804384436329,0.0084375,,74.0,0.6179389049531125,,,,1013.84375,-0.4306336814255744,83.5395,,0.7583610311436567,7.446000000000001,9218.2740625
,,2019-W12,week,34,2019,3,23,Spring,1,,7.07421875,1022.0214285714286,-0.32305710382966374,-0.8549215208436914,-0.12904635693514505,1.0,-0.24055904174917941,63.68666666666667,38.70982142857143,,,,0.0013045454545454545,1.0,33.5,,,0.00075,0.25645624359530583,12.278749999999999,-0.5719967051067694,3.4850000000000003,42.67,0.0013,-1.1858598715590163,,1.0,0.007050000000000001,,,55.411249999999995,,1022.23046875,-0.20184620977940515,0.9278670492489405,,58.333333333333336,55.57142857142857,1018.7375000000001,9810.061000000002,53.349374999999995,,,10431.615999999998,1020.1390624999999,,-0.29926412650010303,5.755,5.884999999999999,0.0020166666666666666,3.1199999999999997,-0.48326898011101693,-1.4653594131245842,38.196875,0.9586931547743459,71.6875,-0.06985962379547134,62.74416666666667,1017.1833333333334,64.235,6.801145833333333,-0.19214238439554127,5258.5019999999995,1013.8727678571429,10255.653272058824,0.9160322918737142,1005.0125,1.0,,51.87960937500001,10174.639125,-0.5655481197388507,,-0.08117210404057082,0.3612193257146332,0.0019249999999999998,,42.984375,-1.0243192122579492,1.0,,,1022.1287499999999,-0.9683422117571499,64.08857142857143,,-0.19409532447035283,13.6025,5273.078125000001
,,2020-W09,week,20,2020,2,27,Winter,0,,12.57,1022.3375000000001,0.7793452528906157,-1.5723486296230682,-0.22168894024805294,1.0,-0.16745860146254776,60.985,32.5,,,,0.0010833333333333333,,15.5,,,0.0018537037037037044,-0.5301833650947425,,-0.7240027920419744,3.6682812499999997,,0.001155,-0.1557378747471497,,1.0,0.0009,,,65.7182421875,,1018.9875,-0.22740371147627864,0.8590394442962213,,65.75,72.375,1022.1453125,10409.688888888888,46.7325,,1.0,12224.18222222222,1019.3499999999999,,-0.4974135354516631,8.61375,8.3775,0.00295,7.13,-0.1755905876594303,-1.7684976245595407,32.5,1.905234472367367,54.310546875,-0.12834660515111188,59.93666666666667,1019.6833333333334,67.63,10.446666666666667,-0.08744867585582436,5796.813333333334,1017.3,11396.35059375,0.9807059867973278,,,,46.7325,11263.973541666668,-0.1605368154579657,,-0.5456340057631018,-0.9437268433335344,0.002125,,50.5,-0.9531565326743996,,,1.0,1018.9875,0.9625674871938235,61.5225,,-0.8093868513056163,13.34,5299.551493055555
,,2019-W02,week,24,2019,1,8,Winter,0,,,1022.9333333333334,-0.218571901748309,-1.0309500279462602,-0.07373935514945039,,-0.1989366795461316,,,,,,,,,,,,1.6740901908067833,,-1.2538809413346572,,,,-0.056119275693079694,,,,,,61.43,,1020.3666666666668,-0.0909578620331859,0.7693709106173753,,,74.0,1020.65,,,,,,,,-0.4382855366510971,4.653333333333333,,,,-1.7442740495500098,0.5994059030508718,77.0,1.489902037274965,64.0,0.0,50.150000000000006,1022.0,,7.146666666666667,-0.6189424323221883,,,12321.933333333334,1.1026238184706327,,,,43.98333333333333,,-1.1459797116918726,,-0.793711729612168,-1.4537058059500596,0.001,,,-0.5736222415621354,,,,,-0.28619535946041413,62.349999999999994,,-0.7123917355214568,9.105,
,,2019-W29,week,21,2019,7,21,Summer,1,1.0,8.605,1014.3416666666667,0.3519544715099046,1.7430521516289266,-0.08357590862677661,,-0.1758320803616292,83.57083333333334,,,,,0.0013045454545454545,,18.0,,,0.001176851851851852,-0.7573413269624569,6.345000000000001,1.260558719933388,4.125,84.315,0.0009,0.31681188999651566,,,0.0012,,,70.83666666666666,,1017.53125,0.1823394373556947,-0.6415074239858526,1.0,82.83333333333333,80.08333333333333,1012.2333333333335,17582.655,63.8946875,1.0,,19882.53625,1012.5875,,-0.3506129867054301,7.496666666666667,6.7,0.020208333333333335,4.585,0.10558852343417846,-1.1033561842195372,45.0,-0.8478799728585092,69.16666666666667,-0.2475793768140895,96.59083333333335,1008.9250000000001,95.30250000000001,9.033333333333333,0.4583541881776168,10075.345000000001,,17603.187946428574,-0.6553801599235034,1010.9000000000001,,,64.543125,17749.649609375003,1.40309961683155,,1.0615509510102035,0.2712230381940698,0.013165000000000001,,57.625,-0.3044176862383201,,,,1017.796875,-1.2913237233481956,84.53541666666665,,1.155468161831557,6.2975,9046.3967578125
,,2018-W41,week,20,2018,10,12,Fall,0,,3.585,1011.9500000000002,-1.2956168307702196,0.652908100219769,-0.17513966746256873,,-0.2936949374384641,76.225,81.0,,,,,,,,,0.0007,0.7738716011828775,9.922916666666666,-0.1398013038742583,3.105,64.38000000000001,0.0008500000000000001,0.9553926531636311,,,0.0126,,,63.83,,1018.40625,-0.13880354664578126,-0.49999926927390587,,90.5,90.5,1011.2749999999999,12365.945,59.19375,,,10655.720000000001,1013.5,,-0.1976957484281042,4.67,4.67,0.0026,,0.309073406462434,1.0250964248684742,85.0,-1.1140630730222254,67.375,0.09874629573501248,70.72666666666667,1009.6,,3.5849999999999995,-0.8361784075204248,6456.1975,1018.8,11353.252749999996,-1.1447566311156538,1009.4666666666667,,,55.80437500000001,11061.071249999997,0.43923423299392084,,0.2729886439040394,1.5561700322376677,0.0026,,85.5,1.0945633635592118,,,,1019.7125,-1.04897621671988,76.225,,-0.3540243958224249,7.941458333333332,6777.413124999999
,,2019-W24,week,20,2019,6,14,Summer,0,1.0,15.169999999999998,1011.725,0.6218097020717146,0.8141689496536483,-0.058995460797331326,,-0.16961999544321119,84.195,48.25,,,,,1.0,,,,0.0008,-0.950846257442362,6.495,1.1514157326088814,,68.115,,-0.439267733593349,,,0.0019500000000000001,,,71.69,,1023.4333333333334,4.624737131656749,-0.23579733968443023,1.0,67.75,67.75,1013.2599999999999,15361.954999999998,,,,16261.415,1012.5999999999999,,-0.18415458041050017,6.012499999999999,6.012499999999999,0.122175,,-0.15215899506829064,-0.6998370437466018,52.583333333333336,-0.5627168603353028,63.2,-0.1685960948203154,94.57499999999999,1011.55,,9.925714285714287,-0.009066564405057154,8311.19,1018.2249999999999,13815.710749999998,-1.19079553258669,1013.15,,,66.98333333333333,16035.1425,0.786685719012523,,1.281749070095086,0.5412119007557596,0.122175,,55.50000000000001,-0.5244467021821408,,,,,0.31254553926836576,84.195,,0.7912752896529962,7.68375,8221.5625
,,2018-W19,week,16,2018,5,11,Spring,0,,,,,,,,,,,,,,,,,,,,,,,,,,,,,,,,,,,,,,,,,,,,,,,,,,,,,,,,,,,,,,,,,,13756.553125,,,,,,,,,,,,,,,,,,,,,,,,
,,2018-W16,week,30,2018,4,20,Spring,0,,,,,,,,,,,,,,,,,,,,,,,,,,,,,,,,,,,,,,,,,,,,,,,,,,,,,,,,,,,,,,,,,,10667.062000000002,,,,,,,,,,,,,,,,,,,,,,,,
,,2019-W51,week,21,2019,12,16,Winter,0,,,,-1.11266535241975,-1.2939573267936275,0.0,,-0.13428725037060993,,,,,,0.0013045454545454545,,30.0,,,,-0.09269395705321826,,-0.7935312515157503,,,,,,,0.0008,,,50.435,,1018.7125000000001,,0.3490496589977464,,,,1016.75,11767.655,43.705,,1.0,14003.23,,1.0,4.590633402893254,,,,3.075,-0.2458853654328241,0.29344084049447017,71.25,0.40665255139133666,23.5,-0.2597311547982685,58.6525,1015.175,61.305,4.19,-0.48650116863255716,6715.655000000001,,14093.456904761906,,,,,42.135,14632.6125,-1.2005868789860135,,-0.9605005721393669,0.5862100445160412,,,,-1.3679963392389674,,,,1012.375,0.1514755256718502,,,-0.21741565917746758,11.579999999999998,7291.02
,,2018-W45,week,18,2018,11,10,Fall,1,,7.6525,1022.1937500000001,-0.306166851988837,-0.420619254580547,-0.1548615933388306,,-0.21925567701499366,54.394375,55.25,,,,0.0013045454545454545,1.0,27.875,1.0,,0.000975,-0.2472875699909684,10.715,-0.2799861991273551,4.62,48.36,0.00115,0.1929272219420953,,,0.00055,,,69.965,,1028.2875,1.2246009514937672,0.5138155896326269,1.0,78.0625,78.0625,1016.0899999999999,9815.908,42.8875,,,11230.052,1020.6249999999999,,-0.3766089172125756,12.495000000000001,12.495000000000001,0.03805,3.6037500000000002,1.2377044181004875,-0.4027405337280668,58.166666666666664,0.22333340762641013,33.6,-0.2673260160383804,68.13749999999999,1014.4749999999999,63.285,6.857000000000001,0.701593874905159,5422.14,1026.625,11034.976666666667,0.9512922441908515,1016.3,,,42.01875,11207.274,-0.44870251498970654,,-0.9709906729204959,0.25622365694064275,0.03805,,68.75,0.07776451853286685,,,,1028.375,-1.1199579006465556,54.394375,,-0.7687440530401017,10.714999999999998,5428.067000000001
,,2019-W30,week,21,2019,7,23,Summer,0,1.0,8.48,1015.9875,-0.42395131615000703,1.2280134490829397,-0.10323410303978779,,-0.19901768545652684,84.80499999999999,,,1.0,,,,,,,0.0018537037037037044,-0.21889282475750413,4.92375,1.2874045560053518,3.545,77.6125,0.0009,0.2542309752061384,,,0.00076,,,74.99,,1018.65,0.15403801453011823,0.17146393018845227,1.0,75.25,79.0625,1013.7874999999999,15508.286666666665,,1.0,,17236.05,1014.7750000000001,,-0.4545967087340118,6.24,6.23,0.02305,,-0.11639498532392874,0.36882353706633725,72.66666666666667,-0.4162004234625716,63.75,-0.2609463325966864,97.08666666666666,1011.8333333333334,,6.4675,-0.3774793966929217,8938.07,,15821.934880952384,-0.3186141213853385,1010.6875,,,67.33,16154.023749999998,1.0721978733304813,,1.3130313778008182,0.5322122720037032,0.0115625,,42.25,-1.0336972397999673,,,,,-0.1642296208304774,82.76375,,1.0018682887879733,4.443499999999999,8376.268749999997
,,2020-W05,week,27,2020,2,2,Winter,1,,6.565,1023.6375,-0.3140796294271356,-1.084695426473375,-0.11061400357138933,,-0.17067618826173184,49.015,,,,,0.0015,,,,,0.0021,-0.00014812073674182655,,-0.9716161506351492,,,,0.15844386073107106,,,0.001475,,,57.295,,1020.6583333333333,-0.2824727818533611,0.40369142170829314,,78.0,77.5,1020.5,10571.23,46.216875,,,12104.220000000001,1013.55,1.0,0.6551448022068428,4.88,5.04,0.0007250000000000001,,0.0735242388357843,0.47524616752073773,74.66666666666667,1.448238595510216,29.5,-0.15948335296664426,55.36333333333334,1015.7333333333332,,6.8308333333333335,-0.20223699290847053,5572.8099999999995,,13403.4162962963,1.246708528630001,,,,46.487291666666664,13141.705,-1.145048643195809,,-0.5677609746150533,0.21622530693150332,0.0007625,,78.5,0.7370950196046374,,,,1019.775,1.5407167677123546,49.557500000000005,,-1.3013530692018491,8.03,6125.71
,,2019-W13,week,33,2019,3,25,Spring,0,,,1020.3,0.6968910879921673,-0.17092503610228132,-0.07964128723584611,,-0.008872019675573373,71.775,57.5,,,,0.0013045454545454545,1.0,14.125,,,,-0.8726029594657045,,-0.061682176857453884,,,,-0.450762187330357,,,,,,61.19,,1019.85625,-0.1988451500394715,0.32046781388760903,1.0,63.5,67.5625,1018.4799999999999,10073.613333333335,52.385,,,11352.253333333332,,,-0.0611089855030023,7.820624999999999,12.254999999999999,0.00025,4.9075,0.5687941117094063,-0.7468403721972953,51.7,0.8871709130781849,60.4,0.0,72.1695,1015.79,73.55875,10.174,0.09171800698802798,5692.506666666667,1016.95,10530.782727272728,0.5637981568095765,,,,49.60125,10764.483333333332,-0.4890177808692681,,-0.28676538971265897,-0.17875839940874658,0.0011916666666666666,,,0.23134351075038767,,,,1020.475,0.18949082082923313,70.849375,,-0.13853794940464353,7.944999999999999,5254.245833333333
,,2018-W32,week,20,2018,8,9,Summer,0,1.0,,1016.825,-0.15910007132033288,1.723378377305698,0.0,,-0.2125435827571389,82.1525,,,,,0.0013045454545454545,,14.0,,,,-0.3097560095045898,,1.3359346085751078,,,,0.38833293547123265,,,0.0003,,,87.035,,1017.9666666666667,-0.10501837273716585,-0.3991221688851974,,79.0,81.25,1009.0,17777.777500000004,,1.0,,22609.4525,,,0.0,2.29375,3.2025,0.0025546875000000005,4.035,-0.9944630866337505,0.12050406600606929,68.0,-1.745958606454355,38.0,-0.13746043863924615,97.98299999999999,1008.4200000000001,109.86500000000001,7.343333333333334,1.1076394077292238,10850.949999999999,,15748.739750000002,-0.14724709924314178,,,,72.43333333333334,17714.216249999998,1.4768402417198014,,1.7735430421996312,-0.1937577806621738,0.0025546875000000005,,,-0.803108092002109,,,,,1.014244529048391,81.36125,,1.2554731360634734,5.8549999999999995,8471.383749999999
,,2018-W28,week,31,2018,7,9,Summer,0,1.0,9.815,1018.8638888888888,0.04174335601482445,0.9880229869625976,-0.030550439636912983,,-0.035581797061555814,85.36375000000001,60.041666666666664,,,,0.0013045454545454545,,42.0,,,0.0018537037037037044,0.03350491065106756,6.1675,1.1018750132693578,4.795,72.95750000000001,0.00115,0.08862569729146647,,,0.00715,,,82.7,,1016.6875,-0.10282255520177502,-0.22679045572115022,,72.125,76.36111111111111,1013.492857142857,17118.98857142857,76.495,1.0,,20266.052857142855,1013.8499999999999,,-0.058297890830891576,3.688611111111111,6.29875,0.0025546875000000005,5.0649999999999995,0.21621030529862773,-0.686977642566695,52.825,-0.49803932692906405,50.57142857142857,-0.04009300757965597,93.66,1010.2625,90.25999999999999,8.0075,0.48535005551505034,9920.837142857144,1018.5791666666668,16773.955725806456,0.2699449214944225,1018.575,,,73.91375000000001,18017.54107142857,1.2526855012924456,,1.9071320317170197,0.4302164794803982,0.0020273437500000005,,40.5,-0.7104311139398121,,,,1016.25,-0.22303453052705408,83.59861111111111,,1.261153030231014,6.423,8466.909285714286
,,2019-W52,week,24,2019,12,28,Winter,1,,7.00375,1016.7375,-0.2617897785211819,-0.7179447161571544,-0.11798561935763463,,0.745663130910015,60.54,,,,,0.0021125,,89.5,,,0.017249999999999998,1.9466797450480406,9.895,-1.286041801758348,,40.650000000000006,,0.7868073316875126,,,0.0011,,,51.96,,1015.225,-0.2167804894742094,0.012792657702043353,,96.0,87.75,1013.0,10826.43,43.14,,,12074.366666666667,1016.55,,0.458625038258179,4.25375,4.154999999999999,0.0006,2.91,0.9898228333206156,0.8521596503800732,81.75,-0.6349334927275426,72.0,-0.12530866065506713,49.556,1013.6,45.96,7.00375,0.19077976519490666,6072.79,,11417.545625,-0.16515111648187458,1018.25,,,42.146,11640.988333333333,-0.7441771022155474,,-0.9595079604525505,0.991193338358576,0.0006,,65.25,0.022158331695488608,,,,1014.125,-1.0988118927152617,58.887499999999996,,-0.6507624564984387,7.4475,5809.223333333332
,,2019-W18,week,25,2019,4,30,Spring,0,,,1013.9875,0.4380374260615856,-0.07424248799955953,-0.11306899956804277,,-0.012934123930991071,74.57,,,,,,,,,,,-0.8448392085707617,7.615,0.596288961692886,,55.06,,-0.025467399061058132,,,0.0011250000000000001,,,63.48,,1018.7142857142856,-0.24609688215473782,-0.9270456609194502,1.0,94.0,74.5,1014.2333333333332,14251.84,57.480000000000004,,,13369.255,,,-0.1598746492797591,11.235,8.52,0.00335,,0.5125582894906896,1.1581247129364747,87.5,-0.292367415995107,62.0,-0.19988626814889848,84.322,1007.26,,9.318000000000001,0.3242977871259171,6856.585,,11426.9918,-0.7278488011279151,1029.0,,,56.92857142857144,11292.6825,-0.07618200971458713,,0.37443323602016526,0.17222712192145023,0.0016625000000000001,,,0.5067265312783561,,,,1017.5999999999999,-0.09702400974867567,79.1125,,0.39845963455834893,6.317,6030.5225
,,2018-W51,week,21,2018,12,20,Winter,0,,,1022.0499999999998,-0.7528103784741984,-0.8155000106396288,-0.17698339988366568,,-0.15312757789354312,52.77875,,,,,,,,,,,0.6729125070194492,5.504999999999999,-0.9602461494752582,,41.8925,,0.8481110849515557,,,0.01885,,,68.7325,,1021.3499999999999,-0.2789362360493282,0.35745608403014095,,85.125,88.75,1019.95,10395.994999999999,48.86,,,13545.265,,,0.1832123452325554,3.1799999999999997,4.09,0.001075,,-0.6565548566353087,0.4663776149828711,74.5,1.295472642372785,46.5,0.1443089133689048,55.57333333333333,1019.6666666666666,,5.38,-0.5010374048911751,6374.125,,12247.460535714286,0.9218785015843247,1017.75,,,46.85,13840.110625000001,-0.8764353820814077,,-0.53503110819938,0.7287041664235998,0.0008500000000000001,,,-0.2558726024914026,,,,1016.9499999999999,-0.30995491893377836,52.07249999999999,,-1.139014897438971,3.7774999999999994,6464.14125
,,2019-W50,week,19,2019,12,10,Winter,0,,5.985,1022.3499999999999,-0.35893550152959225,-0.9513039963412684,-0.2009469505107122,1.0,-0.2596610404877088,,72.10416666666667,,1.0,1.0,0.00055,1.0,66.0625,,,0.00042500000000000003,1.5510462947951047,13.78875,-1.0004923440570936,3.1068749999999996,39.44375,0.0018750000000000004,0.3423551205232003,,,0.004155609756097562,,,60.42125000000001,,1015.94375,-0.13441590973318868,0.2523757711252305,,,80.5,1021.16875,10520.503750000002,45.9575,,,12625.8375,1020.3166666666666,,-0.4286007782268664,4.52,,,3.1818750000000002,1.135499510943105,0.3109008033033953,71.578125,1.633988106711421,56.5625,-0.11270685207440131,54.83,1018.09375,54.83,6.682499999999998,-0.48105008003557537,5959.16,1023.2291666666666,13587.535592105263,0.9832637035457049,1014.225,,,44.89125,13327.87703125,-1.1707344953309684,,-0.7117836665222748,0.18336951942399615,0.0011,,62.0,0.11483530975778566,1.0,,,1014.1375,0.63735851690215,49.83,,-0.8408204536430754,11.459642857142857,6406.5446875
,,2018-W01,week,25,2018,1,7,Winter,1,,,,,,,,,,,,,,,,,,,,,,,,,,,,,,,,,,1024.3,,,,,,,,,,,,,,-0.4056631924852675,,,,,,,,,,,,,,,,,,15655.1816,,,,,43.57,,,,-0.8310098657228491,,,,,,,,,,-0.0549356472530016,,,,,
,,2018-W11,week,23,2018,3,18,Spring,1,,,,,,,,,,,,,,,,,,,,,,,,,,,,,,,,,,,,,,,,,,,,,,,,,,,,,,,,,,,,,,,,,,10606.843913043476,,,,,,,,,,,,,,,,,,,,,,,,
,,2018-W26,week,18,2018,6,25,Summer,0,,,,,,-0.21385307745839088,,,,,,,,,,,,,,,,,3.58,,0.00115,,,,,,,64.22,,1022.1,,,,,,1013.2,17358.1,,1.0,,22437.775,,,0.0,,,,,,,,-0.5793822370411897,82.0,,,,,,-0.24423056432225598,10732.072499999998,,16440.354166666668,,,,,59.32,16467.46875,,,0.5902295949462487,,,,,,,,,,-0.11671050188374911,,,,,7806.214375
,,2020-W13,week,34,2020,3,23,Spring,0,,9.76,1013.54375,0.829409110143545,-0.5508655575249267,-0.13052233704146537,,-0.17486292771127251,78.72999999999999,66.5,,,,0.0014333333333333333,1.0,30.5,,,0.0012000000000000001,-0.11793373059407544,8.32,-0.35445970672463895,3.5433333333333334,49.44,0.0014166666666666666,-0.30516577332825473,,,0.00213,,,56.827,1.0,1014.6678571428571,1.2089526903801642,-1.0249338101855314,1.0,70.375,69.9375,1019.4,10464.616,48.58416666666667,,,9076.85,1013.5999999999999,,0.19514488803999222,9.726875,9.473749999999999,0.06935,2.3475,0.5107084269177113,-0.03247846527213155,65.125,1.142706689235348,58.5,-0.1370790581255458,66.762,1012.1599999999999,64.91499999999999,10.612222222222224,-0.0058362896809197925,4921.138,1016.85,11276.971654411765,-0.8186477456957908,1014.275,,,46.97035714285715,9946.947250000001,-0.3511730900270251,,-0.5241703894183032,0.49621375699547804,0.04763333333333333,,65.5,0.05893491029163819,,,,1012.2916666666666,1.1188714463007414,80.6225,,0.3606713472078036,9.42875,5332.1630000000005
,,2019-W48,week,27,2019,11,28,Fall,0,,9.24,1016.2857142857143,-0.1192841848473656,-0.725873395132531,-0.03539568580729039,,-0.05188577584263296,64.21000000000001,89.0,,1.0,,0.0013,,48.125,,,0.0057125000000000006,0.778078230106354,6.495,-1.182953791242006,3.795,42.4725,0.0014,-0.8049008334181773,1.0,,0.0004,,,59.735,,1016.0,-0.1845243527800607,0.05692638912211201,,56.25,61.785714285714285,1012.7800000000001,9966.095,,,,10263.2575,1019.7750000000001,,-0.5402303621693144,9.07,9.44,0.001675,3.735,-0.48932728003754444,0.812251163959673,81.0,-0.6960398739825182,44.3,-0.16312975966946855,51.459999999999994,1014.2392857142859,49.315,7.475,0.14275634762939798,5084.485,1015.4,11089.866296296297,-0.25759430753086165,1017.4,,,36.5,11165.815,-0.9521871149211572,,-1.4689884680676442,-0.9797253583417597,0.002425,,68.625,-0.557072781193868,,1.0,,,-0.416080951248139,65.73285714285714,,-0.46769509832923645,6.348,5642.08125
,,2019-W34,week,24,2019,8,20,Summer,0,1.0,8.96,1013.64375,0.18966693424034198,1.110740003342674,0.0,,-0.22147368193388697,84.03,85.75,1.0,,,0.0013045454545454545,1.0,16.5625,,,0.001775,-1.0581152949910049,7.0339583333333335,1.3949909360282062,,76.74833333333332,,0.3653440279972165,,,0.014375,1.0,,78.41499999999999,,1017.2624999999999,-0.17359769317206503,-0.7914220037301843,,80.25,80.875,1009.25,16762.801428571427,62.795,1.0,,21529.835,1011.15,,-0.0814786473373364,4.5181249999999995,5.07625,0.0022125,3.5149999999999997,-0.19186937830168974,0.7643609802551927,80.1,-1.6765195368464219,49.0,0.12213584843184552,99.07375,1009.8250000000002,96.360625,8.496666666666668,-0.4832708939084199,10690.478571428572,1016.4749999999999,18935.023059895833,-0.7981860117086693,1014.8979166666668,,,61.8675,19769.89595982143,0.9014119790975019,,0.8201094378703456,0.18347665786152062,0.00345625,,49.25,-0.7589761976867294,,,,1017.2249999999999,-0.561311258529078,83.33500000000001,,1.4225688260179663,7.460374999999999,9924.084308035714
,,2019-W44,week,21,2019,10,31,Fall,0,,13.5225,1025.1785714285713,0.5624098714384456,0.033504709121038034,-0.16223851136210385,,-0.11869199127441485,58.785,,,,,0.0013045454545454545,,15.5,,,0.0013,-0.8435772198937189,7.705,-0.7351246384146455,4.385,55.34,0.0004,-0.3363650049001338,,,0.0013,,,55.431250000000006,,1027.3427083333333,-0.11088317266432564,1.7967561413619286,1.0,71.0,69.42857142857143,1017.85,11047.49,42.158125,,,14447.176666666666,1022.8625000000001,,0.18856444857226184,4.772857142857142,5.29,0.00135,3.745,0.5890192758407086,0.3510864319906038,72.33333333333333,0.7121844576661984,13.875,-0.2445414323180448,59.73125,1017.9125,62.745,9.729285714285714,-0.038300550658500326,6876.823333333334,,12985.618095238096,1.5620384648959222,1025.8000000000002,,,44.96270833333333,14457.853333333333,-0.03521499588778054,,-0.7053354504507207,0.9311958133448671,0.0013499999999999999,,78.875,-0.3334186453598552,,,,1026.028125,-0.773860317651216,56.074999999999996,,-1.2896465229810812,7.5075,6905.026666666668
,,2018-W27,week,19,2018,7,4,Summer,0,1.0,4.03,1018.15,-0.9191299042473525,,-0.14256871830559392,,-0.2072271379736443,84.11,76.5,,,,0.0013045454545454547,,19.833333333333332,,,0.0019652777777777785,-0.7699612137328855,,1.107605132901525,5.5525,,0.00115,-0.24003053548520895,,,,,,70.59166666666665,,1021.65,-0.0700122484914439,0.4163010592568864,,71.0,71.0,1012.5333333333333,16588.0925,63.575,1.0,,21315.214999999997,1019.975,,-0.04663831266471326,2.435,2.4349999999999996,0.0025546875000000005,4.354166666666667,1.0231203596343215,0.08724699398906915,67.375,-0.7645530893290116,65.5,,93.76583333333332,1010.7583333333332,94.96166666666666,4.83,1.2664612483326432,9894.205,1024.6,16211.92947368421,0.12387087608630896,,,,62.757000000000005,16909.504999999997,0.7512352860248943,,0.9003756283633718,,0.0025546875000000005,,76.75,0.24723099270392443,,,,1020.95,-0.2640197706186075,84.11,,0.7408844337050694,,7742.571875000001
,,2018-W33,week,19,2018,8,18,Summer,1,1.0,5.975,1016.2,-0.39673539375076383,1.4392088277882789,-0.08554123098335635,,-0.15940768706785416,86.75916666666667,78.421875,,,,,1.0,,,,0.0003,0.7402185697950682,6.35984375,0.8755578473248676,3.8975,79.79234374999999,0.00115,-0.8109217377566101,,,0.1273042682926829,,,79.7385,,1018.2,-0.15752755910574878,-0.34868361869083364,,66.58333333333333,61.6875,1015.025,17340.57909090909,,1.0,,19812.217272727274,1014.6,,0.0,6.906250000000001,5.6816666666666675,0.0025546875000000005,,-0.6219624265205081,0.5641534067128515,76.3375,-0.07247702890335411,55.85,3.583398301060982,89.48,1014.7,,6.557499999999999,-0.060104905046427314,10262.211818181819,1014.8546875,16658.42932565789,-0.27513293666268923,1015.1265625000001,,,70.36,18096.367926136365,1.136139002297662,,1.5864507788057305,0.4680899171453019,0.0025546875000000005,,55.0,-0.7589761976867295,,,,,1.2613439475713795,88.47437500000001,,1.0432295693926301,6.35984375,9421.51775568182
,,2019-W07,week,15,2019,2,15,Winter,0,,8.0275,1011.75,0.04779133877021193,-1.1388845943461265,-0.2120093450372939,,1.0816489717356563,,84.0,,1.0,,,,,,,0.0226,1.017856078744497,9.405,-1.5394845418985779,3.635,34.415,0.00115,1.353867049379911,,,0.0010333333333333334,,1.0,50.89375,,1005.9083333333333,-0.08695232097326097,0.5171781596455884,,,97.0,1016.1875,10721.2875,38.080000000000005,,1.0,12365.92,1019.55,1.0,1.0103504339627711,5.895,,,,-0.6096916714530377,0.10276696093033584,67.66666666666667,0.25041464477349684,67.0,-0.1263213088204154,44.875,1016.7,,8.0275,-0.39201563295153974,6034.74,1011.9000000000001,12291.506333333335,-1.1856800990899123,1020.2,,1.0,38.080000000000005,11804.646249999998,-0.937606582272798,,-1.326413334870363,-0.35875097444987314,0.0056,,80.75,0.8430115659615482,,,,1005.9083333333333,0.4543109107927727,65.56,,-1.4758763130677417,8.599166666666667,5752.26375
,,2018-W17,week,30,2018,4,23,Spring,0,,,,,,,,,,,,,,,,,,,,,,,,,,,,,,,,,,,,,,,,,,,,,,,,,,,,,,,,,,,,,,,,,,10284.786666666665,,,,,,,,,,,,,,,,,,,,,,,,
,,2019-W35,week,27,2019,8,30,Summer,0,1.0,7.5275,1014.5166666666668,0.4484701963146287,0.9251112860628308,-0.10692653872919544,,-0.18271306417916136,82.80625,68.671875,,,,0.0013045454545454547,,19.083333333333332,,,0.000775,-0.7888910438885284,6.27,1.5424399986890107,2.96,70.67750000000001,0.00115,0.3538495742602084,,,0.0021195121951219516,1.0,,77.8525,,1015.5687499999999,-0.04863974142957209,-0.983368708636479,1.0,81.025,80.6875,1012.5,17719.272857142856,63.1325,1.0,,18764.935,1012.125,,-0.21451664463861,3.445,3.372,0.007337499999999999,3.6275,-0.03839244682977034,-0.14832393279801545,62.947916666666664,-0.7738116319433854,58.125,-0.10982255334596094,101.79708333333333,1007.4208333333335,101.9775,9.352500000000001,-0.5301098774084112,10861.139285714287,1018.015625,15991.056145833336,-0.6195721254460299,1020.375,,,64.93125,16495.14470982143,0.9594629359914592,,1.096574352005263,-0.3062531400628778,0.006547916666666666,,51.5,-0.8207608497282609,,,,1015.4375,-0.8981030140640165,82.936875,,1.5522840158954814,5.91,9175.181540178572
,,2020-W17,week,26,2020,4,26,Spring,1,,9.754999999999999,1015.9499999999999,0.14161907123920844,,-0.09955160904480764,,-0.2621088514743532,79.33500000000001,52.75,,,,0.0013045454545454545,1.0,27.5,,,0.000975,-0.4250176420078376,,0.07347645597813517,2.4325,,0.001225,-1.9871875035104367,,,,,,73.04083333333334,,1021.75,-0.18461023515515873,-0.9446057487648921,,42.5,42.5,1015.025,9693.2025,51.754999999999995,,,9211.735,1016.55,,-0.4386933159531699,10.015,10.015,0.0009,2.225,-0.6688872737885393,-1.2053445384050046,43.083333333333336,-0.07247702890334884,49.916666666666664,,74.66583333333332,1012.6999999999999,75.995,8.337777777777777,-0.7702269652359539,5047.47,1012.75,10542.389134615387,-0.3262872716305125,,,,55.413,10847.634375,-0.22980831156511117,,0.23767197127423817,,0.0009,,36.25,-0.4529950637667645,1.0,,,1020.1500000000001,-0.1566265617990009,79.335,,0.33659247962575,,6228.733125
,,2018-W05,week,25,2018,1,30,Winter,0,,,,,,,,,,,,,,,,,,,,,,,,,,,,,,,,,,,,,,,,,,,,,,,,,,,,,,,,,,,,,,,,,,12345.0172,,,,,,,,,,,,,,,,,,,,,,,,
,,2018-W03,week,22,2018,1,19,Winter,0,,,,,,,,,,,,,,,,,,,,,,,,,,,,,,,,,,,,,,,,,15712.964999999998,,1.0,,22162.0,,,,,,,,,,,,,,,,,,,10324.513333333332,,16899.56693181818,,,,,,20402.600416666668,,,,,,,,,,,,,,,,,,9752.089270833332
,,2018-W22,week,21,2018,5,28,Spring,0,1.0,,,,,,,,,,,,,,,,,,,,,,,,,,,,,,,,,,,,,,,,18375.54333333333,,1.0,,21657.833333333332,,,,,,,,,,,,,,,,,,,11048.849999999999,,16780.08351190476,,,,,,18020.44114583333,,,,,,,,,,,,,,,,,,9151.677083333334
,,2020-W16,week,21,2020,4,18,Spring,1,,,1020.64,-0.2066775356627139,-0.5880682210008055,0.0,,0.0,,,,,,0.00175,,,,,,-0.06745418351236111,8.690000000000001,-0.4253146663337355,,50.5,,-1.1595868344458553,,,0.0031749999999999994,,,63.02333333333333,,1021.55,0.0,0.6466371051444464,,,56.0,1015.4,10841.58,,,,11113.12,,,0.0,7.9079999999999995,,,,0.12038742401804968,-1.1033561842195372,45.0,0.031681575508544314,54.0,-0.12505331534480377,65.45333333333333,1015.4333333333334,,7.186,-0.7503069377704404,5309.84,,10463.382857142857,0.6333680523658158,1015.15,,,60.055,11323.07,-0.7091223733387463,,0.6565541031108066,-0.6487390120161326,,,,-0.38297245811969577,,,,,0.02347089900910032,64.35999999999999,,-0.6609717021688134,9.213333333333335,5300.58
,,2019-W08,week,19,2019,2,22,Winter,0,,6.686875000000001,1015.1666666666666,-0.6252087423047296,-1.1916537003128407,-0.23302789463779913,,-0.02679029753024435,,,,,1.0,0.0013045454545454545,,73.875,,,0.009075,2.17467903270045,9.8525,-1.547786447507387,5.9125,33.6875,0.0012000000000000001,0.08692281525635415,,,0.0014249999999999998,,,54.6985,,1015.5666666666666,-0.18530197571398319,-0.2724253344684177,,,76.33333333333333,1016.74,10229.478333333333,39.74125,,,12587.955000000002,1015.8375000000001,,0.4098954116604711,6.07,,,3.225625,1.111913763137574,-0.3317921134251333,59.5,0.4038749886070222,35.5,-0.19259520135839103,44.721666666666664,1013.8375000000001,45.9875,5.801964285714285,1.1518941714499051,5750.606666666667,,13902.629342105267,-0.48657085452969534,1026.45,,,40.15416666666666,13393.474583333335,-0.6884526527261302,,-1.139245873621401,-0.4397476332183802,0.0031666666666666666,,82.9375,0.9536565295665353,,1.0,,1016.05,0.9453418065756347,58.52,,-1.2667709052623588,9.544999999999998,5984.250416666666
,,2018-W12,week,23,2018,3,19,Spring,0,,,,,,,,,,,,,,,,,,,,,,,,,,,,,,,,,,,,,,,,,,,,,,,,,,,,,,,,,,,,,,,,,,10287.462173913042,,,,,,,,,,,,,,,,,,,,,,,,
,,2019-W10,week,19,2019,3,9,Spring,1,,8.870000000000001,1020.0,0.6760255474860808,-1.5202205238222741,-0.18066589387864584,,-0.1716003569779374,54.665,72.41666666666667,,,,0.0013045454545454545,1.0,43.5,,,0.0026,0.2543529291335678,,-0.534322296501576,6.2325,,0.001375,-0.025467399061058327,,,0.0012749999999999999,,,62.1375,1.0,1019.9499999999999,-0.23851856971752464,0.6180552600343128,,74.5,74.5,1016.4,12142.782000000001,39.4525,,,17224.994,1022.6,,-0.05640972806741618,8.495,8.495,0.0018499999999999999,2.66,0.2395185737182223,-0.03646931391417163,65.05,0.309437853940235,62.0,-0.19624073475364473,63.44,1014.4125,66.56,10.105,1.4694301768326063,8401.998000000001,1018.2416666666667,13965.117236842107,0.5024129548481991,,1.0,,38.825,16770.1915,-1.4944600283986247,,-1.259186452445063,-0.7697340207937786,0.00185,,51.5,-0.2889715232279372,,,,1021.675,-0.1274023036467626,54.665,,-0.837325134155358,8.298,8065.102000000001
,,2019-W36,week,22,2019,9,3,Fall,0,1.0,5.8999999999999995,1015.0833333333334,-1.0612574989989572,0.7225601644027068,-0.10138788519508396,,-0.2025211722875661,87.545,,,1.0,,0.0013045454545454545,,26.125,,,0.0014652777777777785,-0.5259767361712662,6.753333333333333,1.2845394961892682,4.01625,67.39083333333333,0.0019000000000000002,-0.6282876394908151,,,0.0018390243902439037,,,79.96281250000001,,1016.7949999999998,-0.2024794839049997,-0.09859247397715257,,62.0,64.66666666666667,1013.553125,15825.95875,66.30125,1.0,,17973.0625,1015.6750000000001,,-0.30006379586384185,3.7258333333333336,4.56875,0.0035125,4.904375,0.04639292109867684,0.5816687979751384,76.66666666666667,-0.48129955122000956,49.75,-0.13689970231337475,97.03375,1009.7541666666666,95.678125,4.359999999999999,0.12523210725095285,9105.2475,,16085.03465909091,-0.5036222995189691,1020.4499999999999,,,65.36875,16770.5490625,1.0200580375509098,,1.1360532259127376,0.36721907821600397,0.0027416666666666666,,56.75,-0.2889715232279373,,,,1015.9916666666667,-0.5189598437678061,86.08999999999999,,0.9003583853321788,6.076,8616.5540625
,,2019-W47,week,32,2019,11,23,Fall,1,,8.485,1018.0,0.18613894429969913,-0.7145128998842308,-0.23597786651155425,,-0.1811430368855836,52.81,40.5,,,,0.0034394886363636364,,48.541666666666664,,,0.00105,1.0383633947464435,7.395,-0.7823981253800238,3.0774999999999997,43.427499999999995,0.001,0.5814397582529682,,,0.0007625,,,60.54,,1018.4499999999999,-0.16773889440270554,-0.3234643435936598,,90.0,84.4,1012.95,10336.543333333333,49.0275,,,11142.14,1014.55,1.0,0.3673477949936612,6.614,3.5100000000000002,0.0025546875000000005,4.4070833333333335,-0.1996388011082238,-0.6444085903849348,53.625,-0.6488213066491151,48.0,-0.20869630718742824,58.858125,1015.1,62.12416666666667,8.485,-0.5688731740980595,5669.083333333333,1019.8499999999999,11447.569609375003,0.09317827510562546,1018.525,,,43.71214285714286,10372.809166666666,-0.5101064823051127,,-0.8181832601594409,-0.24775555317451178,0.0025636718750000004,,56.5,-0.4412265586159967,,,,1013.525,-0.3476873621926688,58.855999999999995,,-0.18683161365993986,8.035999999999998,5392.7491666666665
,,2018-W30,week,24,2018,7,28,Summer,1,1.0,5.57,1014.2333333333332,-0.4231953183055836,1.3554202885862945,0.0,,-0.11062054264890066,90.495,67.54166666666667,,,,0.0013045454545454547,,24.708333333333332,,,0.0018537037037037044,-0.682042669232233,9.91875,1.5700212753121898,,77.350765625,,-1.1085003733924859,,,0.014343749999999999,1.0,,80.23666666666666,,1017.9479166666669,-0.0700122484914439,-0.5504378194682631,,55.5,56.833333333333336,1012.6999999999999,18758.707000000002,74.57625,1.0,,22669.258,1013.0,,-0.07773052110785543,7.203333333333333,7.89,0.0025546875000000005,2.65625,-0.481082178283671,0.04923891168392604,66.66071428571429,-0.7182603762570614,60.666666666666664,0.10837175206056636,102.3065,1008.6325,98.96083333333333,6.470000000000001,0.584873281539663,11656.983000000002,1015.1833333333333,17881.10084635417,-0.6775470384095508,1016.05015625,,,70.72041666666667,19978.401031250003,1.343923563417439,,1.6189738511199838,0.6539081447268221,0.0025546875000000005,,34.0,-1.9240582076127495,,,,1019.3937500000001,-0.44439442628723125,88.34833333333331,,1.7004952713955008,9.20482142857143,10233.300656250001
,,2020-W18,week,12,2020,4,29,Spring,0,,,1020.7,0.6352016638872158,-0.4179566385067265,,,-0.24345406404397565,76.77,,,,,,,,,,,-1.278963313473505,,1.2708007447877336,,,,-0.3473121036972843,,,0.0015,,,,,1014.4,-0.21475960615761924,0.5760231348723402,1.0,60.0,69.25,,11550.55,51.71,,,11918.03,,,-0.33226291811215103,8.34,12.84,0.0009,,-0.9377339677289089,0.8654624791868732,82.0,,,-0.23846554332595526,96.78,1009.8,,9.97,,7086.43,,10873.004166666668,0.645645092758083,,,,51.71,9736.09,-0.737892389867117,,-0.09647721747862961,0.6762063320366045,0.0006666666666666666,,,-1.8975790710235219,,,,1014.4,2.3162683881887536,71.1375,,0.775255075334291,13.559999999999999,5435.895
,,2018-W50,week,22,2018,12,13,Winter,0,,5.16,1020.875,-1.396920541922959,-0.6423560042836987,-0.19320725101987607,,0.4717432849504067,46.545,,,,,,,,,,0.0204,0.33638219314135354,8.959999999999999,-1.5337995413186325,2.83,42.305,0.00115,0.6488738868434157,1.0,,0.013675,,,61.819,,1013.25,-0.2930824192654595,0.9427534269104627,,86.0,85.5,1019.6899999999999,11107.793333333333,48.82,,,12998.703333333333,1020.3625,,1.2244345675510275,8.712499999999999,9.325,0.0005,,0.2979742310245264,-0.8905109233107361,49.0,1.2232560099805405,50.1,0.1314041990674936,44.98,1024.6,,3.25,-0.6241108718808082,6367.586666666667,,12564.067954545455,0.6814531272355777,1015.7,,,48.555,12098.141666666668,-0.9297856069058625,,-0.3811762967428204,1.7111636385230822,0.0005,,71.875,-0.047349401851233985,,,,1010.5999999999999,0.8906948197868967,48.212500000000006,,-1.3557247056774537,6.175,5881.816666666667
,,2019-W23,week,23,2019,6,9,Summer,1,1.0,8.23,1009.7583333333333,-0.13440414173583415,1.1671874641076658,-0.1794433667275329,,-0.1896556708540817,78.53916666666667,54.75,,,,0.0013045454545454545,1.0,20.25,,,0.00135,-0.8625070500493618,,0.7277478322462887,,,,0.7382751936868118,,,0.0023,,,66.375,,1021.1333333333333,1.3906501973402605,-1.0022831649593642,1.0,84.58333333333333,86.95833333333333,1012.6166666666667,16690.976666666666,,1.0,,15863.393333333333,1010.75,,0.05985910635551245,7.2195833333333335,7.269166666666667,0.07815000000000001,3.98,-0.15339223678361677,-0.6084909526065745,54.3,-0.7414067327930312,74.5,-0.1070809936787986,86.75,1009.0833333333331,86.085,7.425,-0.10317523470159189,9700.220000000001,1017.825,13467.999239130435,-1.5932096343335571,,,,57.23,14935.280833333332,0.8531733203164377,,0.4016333744511112,-1.0037243683472432,0.04215833333333333,,60.5,-0.050659293924887536,,,,,-0.7677224314539304,77.56291666666665,,0.9585408909714757,7.85,7839.785833333332
,,2018-W37,week,23,2018,9,10,Fall,0,,,1013.8249999999999,-0.8646980594488656,0.7462828057080302,0.0,,-0.028727873262360953,,86.25,,,,0.0023,1.0,34.75,,,,-0.3766414093878614,11.765,0.5850137105426613,,62.06,,0.9094148382155989,,,0.00305,,,67.95,,1014.9625,-0.07985206018525376,-0.23099366823734427,,,89.75,1010.9,13144.98,63.31,,,14412.825,,,-0.23953173342919198,9.120000000000001,,,3.5475000000000003,0.6331693292492544,1.4640897754928763,93.25,-1.2182216774341108,74.0,-0.19137740363726152,84.11375000000001,1007.35,83.1675,5.01,-0.45958221259807913,6690.4349999999995,1022.8249999999999,13861.266358695653,-0.7610991188569978,1021.0,,,59.565,13366.493125,0.7854380872277974,,0.6123377643344347,1.5461704447353828,0.0038,,,0.8430115659615482,,,,1015.1875,0.17414610533601885,77.17,,0.5371364352335393,9.015,6468.11625
,,2018-W44,week,23,2018,11,3,Fall,1,,,1016.5899999999999,1.1885920860051646,-0.08977864147156533,-0.08006498417653742,,0.0,65.275,80.0,,,,0.0013045454545454545,,32.0,,,,-0.15399054993815706,10.379999999999999,-0.14047164407869633,,50.974999999999994,,-0.2952039134228478,,,0.0024083333333333335,,,68.13142857142857,,1027.8833333333332,0.3879878614413617,-0.15533584294581776,1.0,74.5,70.1,1016.4428571428571,11468.856666666667,44.625,,,11610.096666666666,,1.0,-0.3873131238919884,7.794,10.629999999999999,0.063,2.755,-0.33837849408202886,0.38656064214207064,73.0,0.3213416944444579,43.285714285714285,-0.18074646927447033,70.71428571428571,1012.85,79.87,11.8,-0.3152966082532777,5890.756666666667,1013.7,10276.695000000002,-0.1953321741128896,1014.5999999999999,,,49.64833333333333,9897.395000000002,-0.4619935177710168,,-0.28251671090166397,0.31193564445337224,0.03175,,,-0.09699778295603617,,,,1028.55,-0.09057498646304812,65.90299999999999,,-0.4513107882305608,10.10142857142857,5025.298333333333
